date,wind,sr,rh,t
2018/7/1 1:00,3.6,0,84,25.4
2018/7/1 2:00,3.9,0,86,25.5
2018/7/1 3:00,4.7,0,86,25.6
2018/7/1 4:00,4,0,86,25.4
2018/7/1 5:00,2.3,0.01,88,25.2
2018/7/1 6:00,4.3,0.18,84,25.7
2018/7/1 7:00,3.9,0.89,78,27
2018/7/1 8:00,4.8,1.46,72,28.4
2018/7/1 9:00,4.7,2.41,62,29
2018/7/1 10:00,4.2,1.75,61,29.3
2018/7/1 11:00,4.1,2.91,54,31.5
2018/7/1 12:00,5.3,3.21,51,30.7
2018/7/1 13:00,6.6,3.08,47,31.5
2018/7/1 14:00,6.1,2.95,48,31.3
2018/7/1 15:00,5.4,2.69,52,30.4
2018/7/1 16:00,5.4,2.09,53,30.2
2018/7/1 17:00,4.8,1.55,57,29.3
2018/7/1 18:00,5.2,0.84,60,28.6
2018/7/1 19:00,3.7,0.23,62,27.8
2018/7/1 20:00,3.8,0,66,27.1
2018/7/1 21:00,3.6,0,70,26.5
2018/7/1 22:00,2.3,0,74,25.9
2018/7/1 23:00,2.8,0,76,25.5
2018/7/2 0:00,2,0,74,25.8
2018/7/2 1:00,1.6,0,70,25.8
2018/7/2 2:00,1.2,0,69,26
2018/7/2 3:00,2.5,0,70,25.6
2018/7/2 4:00,1,0,72,25.4
2018/7/2 5:00,1.1,0.01,70,25.4
2018/7/2 6:00,1.2,0.12,75,25.3
2018/7/2 7:00,3.3,0.69,64,26.7
2018/7/2 8:00,2.7,1.73,62,28.5
2018/7/2 9:00,3.2,1.61,62,28.6
2018/7/2 10:00,3.3,1.79,61,29.7
2018/7/2 11:00,4.5,1.7,59,29.7
2018/7/2 12:00,4.7,1.62,61,30
2018/7/2 13:00,4.2,2.28,57,30.9
2018/7/2 14:00,4.7,2.14,53,31.9
2018/7/2 15:00,4.7,2.75,52,32.3
2018/7/2 16:00,6,2.07,55,30.8
2018/7/2 17:00,5.2,1.55,55,30.5
2018/7/2 18:00,4.2,0.82,61,29.4
2018/7/2 19:00,2.9,0.21,68,28.3
2018/7/2 20:00,4.6,0,70,27.3
2018/7/2 21:00,4,0,75,26.8
2018/7/2 22:00,3.1,0,76,26.4
2018/7/2 23:00,3.7,0,79,26
2018/7/3 0:00,3.2,0,79,25.8
2018/7/3 1:00,3.5,0,82,25.5
2018/7/3 2:00,3.8,0,83,25.4
2018/7/3 3:00,2.9,0,85,24.9
2018/7/3 4:00,2.7,0,86,24.7
2018/7/3 5:00,2.4,0.01,85,24.6
2018/7/3 6:00,2.7,0.23,81,25.3
2018/7/3 7:00,2.9,0.71,75,26.1
2018/7/3 8:00,3.3,0.79,72,26.4
2018/7/3 9:00,4.2,1.71,61,28.1
2018/7/3 10:00,4,2.65,56,30.4
2018/7/3 11:00,3.5,1.37,56,28.9
2018/7/3 12:00,3.8,2,53,30
2018/7/3 13:00,3.4,1.98,50,30.1
2018/7/3 14:00,4.6,2.73,51,30.4
2018/7/3 15:00,6.1,2.2,51,30
2018/7/3 16:00,5.6,2.09,53,29.8
2018/7/3 17:00,4.6,1.1,55,28.9
2018/7/3 18:00,5.3,0.56,61,27.8
2018/7/3 19:00,5.4,0.17,62,26.8
2018/7/3 20:00,4.4,0,68,26.3
2018/7/3 21:00,5.1,0,71,25.9
2018/7/3 22:00,4.3,0,71,25.8
2018/7/3 23:00,5.4,0,73,25.5
2018/7/4 0:00,4.4,0,80,24.5
2018/7/4 1:00,5.8,0,80,24.8
2018/7/4 2:00,5.7,0,82,24.9
2018/7/4 3:00,6.2,0,85,24.9
2018/7/4 4:00,5.7,0,87,24.9
2018/7/4 5:00,7.2,0,87,25.4
2018/7/4 6:00,7.6,0.07,86,25.5
2018/7/4 7:00,7.4,0.28,80,26.3
2018/7/4 8:00,8.1,0.66,81,26.3
2018/7/4 9:00,8.4,0.44,84,25.7
2018/7/4 10:00,8.1,0.56,80,26.5
2018/7/4 11:00,7.8,0.54,86,25.7
2018/7/4 12:00,8.6,0.77,80,26.5
2018/7/4 13:00,7.3,0.91,81,26.2
2018/7/4 14:00,6.4,0.66,85,25.9
2018/7/4 15:00,7.7,0.79,82,26.2
2018/7/4 16:00,6.6,0.66,85,25.8
2018/7/4 17:00,6.6,0.38,81,26.1
2018/7/4 18:00,6.6,0.32,85,25.8
2018/7/4 19:00,5.3,0.14,84,25.7
2018/7/4 20:00,4.3,0,84,25.8
2018/7/4 21:00,4.4,0,83,25.7
2018/7/4 22:00,4.6,0,84,25.6
2018/7/4 23:00,4.1,0,83,25.4
2018/7/5 0:00,3.4,0,89,24.6
2018/7/5 1:00,3.1,0,94,24.2
2018/7/5 2:00,4,0,94,24.2
2018/7/5 3:00,2.8,0,94,24.1
2018/7/5 4:00,3.6,0,95,24
2018/7/5 5:00,2.9,0,94,24
2018/7/5 6:00,3,0.03,92,24.1
2018/7/5 7:00,5.1,0.1,92,24.1
2018/7/5 8:00,3.6,0.14,96,24.4
2018/7/5 9:00,3,0.28,94,24.7
2018/7/5 10:00,3.2,0.24,94,24.8
2018/7/5 11:00,4,0.5,94,25.2
2018/7/5 12:00,4.4,0.58,92,25.4
2018/7/5 13:00,5.5,0.33,92,25.2
2018/7/5 14:00,5.2,0.39,92,25.2
2018/7/5 15:00,5.3,0.31,90,25.3
2018/7/5 16:00,5.3,0.34,90,25.3
2018/7/5 17:00,4.5,0.2,90,25.1
2018/7/5 18:00,4.3,0.13,91,25
2018/7/5 19:00,4.3,0.02,92,24.9
2018/7/5 20:00,5.3,0,93,24.8
2018/7/5 21:00,5.6,0,94,24.6
2018/7/5 22:00,5.6,0,94,24.5
2018/7/5 23:00,4.9,0,94,24.5
2018/7/6 0:00,7.8,0,92,23.4
2018/7/6 1:00,2.4,0,93,22.2
2018/7/6 2:00,0.7,0,95,22.3
2018/7/6 3:00,0.8,0,96,22.6
2018/7/6 4:00,0.7,0,96,22.8
2018/7/6 5:00,1.8,0,97,22.8
2018/7/6 6:00,3,0.02,97,23.1
2018/7/6 7:00,2.7,0.09,97,23.3
2018/7/6 8:00,3,0.14,96,23.7
2018/7/6 9:00,3.7,0.26,94,23.6
2018/7/6 10:00,3.4,0.33,94,23.8
2018/7/6 11:00,3.6,0.28,94,24.1
2018/7/6 12:00,4.5,0.29,94,24.7
2018/7/6 13:00,3.9,0.32,94,25.1
2018/7/6 14:00,4.8,0.27,93,25.2
2018/7/6 15:00,5.3,0.31,92,25.3
2018/7/6 16:00,4.4,0.28,93,25.2
2018/7/6 17:00,5.3,0.18,92,25.2
2018/7/6 18:00,4.7,0.14,92,25.3
2018/7/6 19:00,4.1,0.04,92,25.2
2018/7/6 20:00,4.9,0,91,25.2
2018/7/6 21:00,5.9,0,90,25.4
2018/7/6 22:00,6.3,0,89,25.4
2018/7/6 23:00,6.2,0,88,25.6
2018/7/7 0:00,6,0,90,25.2
2018/7/7 1:00,6.2,0,89,25.3
2018/7/7 2:00,7,0,87,25.4
2018/7/7 3:00,6.7,0,85,25.5
2018/7/7 4:00,7,0,85,25.5
2018/7/7 5:00,7.2,0,86,25.2
2018/7/7 6:00,6.7,0.03,85,25.2
2018/7/7 7:00,6.1,0.19,82,25.7
2018/7/7 8:00,5.7,0.3,82,25.6
2018/7/7 9:00,6.7,0.71,75,26.6
2018/7/7 10:00,6.8,1,71,27.5
2018/7/7 11:00,6.3,1.31,71,27.2
2018/7/7 12:00,7.5,0.87,71,27.2
2018/7/7 13:00,5.9,0.36,73,26.8
2018/7/7 14:00,6.9,0.38,75,26.7
2018/7/7 15:00,7,0.34,84,25.5
2018/7/7 16:00,6.5,0.29,85,25.5
2018/7/7 17:00,6.3,0.38,83,25.6
2018/7/7 18:00,6.6,0.1,83,25.5
2018/7/7 19:00,4.9,0.01,91,24.5
2018/7/7 20:00,4.7,0,94,24
2018/7/7 21:00,6.4,0,94,24.1
2018/7/7 22:00,6.1,0,95,24.1
2018/7/7 23:00,6.4,0,96,24
2018/7/8 0:00,5.1,0,94,24.2
2018/7/8 1:00,4.8,0,91,24.1
2018/7/8 2:00,4.3,0,92,24.3
2018/7/8 3:00,4.7,0,91,24.7
2018/7/8 4:00,3.6,0,87,23.8
2018/7/8 5:00,3.5,0,88,23.7
2018/7/8 6:00,3.6,0.08,87,24.1
2018/7/8 7:00,3.7,0.31,87,24.8
2018/7/8 8:00,4.2,0.75,83,26
2018/7/8 9:00,3.7,1.28,77,27.1
2018/7/8 10:00,5.5,1.24,80,26
2018/7/8 11:00,5.2,2.86,66,28.6
2018/7/8 12:00,5.3,1.92,58,29.8
2018/7/8 13:00,3.9,3.13,53,30.8
2018/7/8 14:00,5.3,1.78,54,30.2
2018/7/8 15:00,5.1,1.67,56,30.5
2018/7/8 16:00,4.8,1.63,57,30
2018/7/8 17:00,4.1,1.3,56,29.8
2018/7/8 18:00,5.1,0.82,60,28.6
2018/7/8 19:00,2.9,0.26,66,27.7
2018/7/8 20:00,2.9,0,68,27.1
2018/7/8 21:00,3.9,0,69,26.8
2018/7/8 22:00,3.4,0,72,26.2
2018/7/8 23:00,2.1,0,77,25.6
2018/7/9 0:00,1.8,0,79,25.2
2018/7/9 1:00,1.5,0,83,24.5
2018/7/9 2:00,1.3,0,86,24
2018/7/9 3:00,1.8,0,82,24.1
2018/7/9 4:00,1.4,0,82,24
2018/7/9 5:00,1.8,0.01,82,23.9
2018/7/9 6:00,2.3,0.34,77,25
2018/7/9 7:00,2.6,0.92,66,27
2018/7/9 8:00,1.2,1.63,60,28.1
2018/7/9 9:00,1.8,2.39,57,29.8
2018/7/9 10:00,2.8,2.93,50,31
2018/7/9 11:00,3.3,2.69,54,30.4
2018/7/9 12:00,3.8,1.97,56,31.2
2018/7/9 13:00,5.7,2.7,58,30.8
2018/7/9 14:00,5.4,2.26,57,30.8
2018/7/9 15:00,4.6,1.82,55,30.4
2018/7/9 16:00,4.7,1.61,59,30.5
2018/7/9 17:00,5,1.45,61,29.5
2018/7/9 18:00,5.1,0.51,65,28.7
2018/7/9 19:00,3.9,0.35,66,28.3
2018/7/9 20:00,3.2,0.01,70,27.8
2018/7/9 21:00,3.9,0,74,27.1
2018/7/9 22:00,3,0,78,26.6
2018/7/9 23:00,2.5,0,80,26.2
2018/7/10 0:00,2.3,0,79,25.8
2018/7/10 1:00,0.9,0,78,25.6
2018/7/10 2:00,1.3,0,79,25.4
2018/7/10 3:00,0.8,0,82,24.8
2018/7/10 4:00,1.3,0,86,24.2
2018/7/10 5:00,1.3,0.01,85,24.2
2018/7/10 6:00,1.2,0.23,79,24.9
2018/7/10 7:00,2.1,0.9,72,26.3
2018/7/10 8:00,2.5,1.6,66,28.3
2018/7/10 9:00,1.6,1.96,57,29.6
2018/7/10 10:00,2.9,2.33,58,29.4
2018/7/10 11:00,2.9,2.22,57,30.8
2018/7/10 12:00,1.6,2.03,59,30
2018/7/10 13:00,2.5,2.67,49,32.3
2018/7/10 14:00,4.6,2.5,50,32.6
2018/7/10 15:00,3.8,2.74,48,32.4
2018/7/10 16:00,2.7,2.33,44,33
2018/7/10 17:00,4,1.51,51,31.5
2018/7/10 18:00,3.8,0.71,51,30.8
2018/7/10 19:00,3,0.27,56,29.6
2018/7/10 20:00,2.9,0,62,28.7
2018/7/10 21:00,3.3,0,68,28.1
2018/7/10 22:00,2.5,0,73,27.3
2018/7/10 23:00,2.3,0,75,26.7
2018/7/11 0:00,2.4,0,76,26.4
2018/7/11 1:00,1.2,0,78,25.9
2018/7/11 2:00,2.3,0,79,25.5
2018/7/11 3:00,1.9,0,81,25.1
2018/7/11 4:00,1.1,0,81,25.3
2018/7/11 5:00,1.5,0.01,82,25.1
2018/7/11 6:00,1.4,0.27,78,25.7
2018/7/11 7:00,1.3,0.67,74,26.4
2018/7/11 8:00,1.6,1.19,71,27.6
2018/7/11 9:00,1.6,1.91,65,29.1
2018/7/11 10:00,2.3,2.84,56,31.2
2018/7/11 11:00,3.2,3.21,45,33.3
2018/7/11 12:00,3.2,2.82,45,33.2
2018/7/11 13:00,2.2,2.69,42,33.9
2018/7/11 14:00,4.7,1.9,45,33.4
2018/7/11 15:00,4.1,1.96,43,34.3
2018/7/11 16:00,4.8,1.26,46,32.9
2018/7/11 17:00,4.1,0.66,50,32.4
2018/7/11 18:00,3.5,0.42,53,32
2018/7/11 19:00,3.9,0.09,50,31.2
2018/7/11 20:00,3.4,0,47,30.8
2018/7/11 21:00,3.6,0,49,30.5
2018/7/11 22:00,3.4,0,50,30.2
2018/7/11 23:00,3.6,0,50,29.6
2018/7/12 0:00,2.9,0,53,29.2
2018/7/12 1:00,3,0,57,28.4
2018/7/12 2:00,2.9,0,60,27.9
2018/7/12 3:00,3,0,62,27.7
2018/7/12 4:00,2.5,0,63,27.4
2018/7/12 5:00,2.4,0,66,27
2018/7/12 6:00,2.6,0.08,64,27.3
2018/7/12 7:00,2,0.32,64,27.4
2018/7/12 8:00,2.9,0.51,62,27.7
2018/7/12 9:00,1.8,1.12,60,28.5
2018/7/12 10:00,1.8,2.19,56,30.5
2018/7/12 11:00,4.1,2.53,51,30.6
2018/7/12 12:00,3.9,3.54,46,32.6
2018/7/12 13:00,4.2,2.31,51,31.5
2018/7/12 14:00,5.8,2.39,44,32.6
2018/7/12 15:00,5.2,1.6,47,31.9
2018/7/12 16:00,4.7,0.75,49,31.5
2018/7/12 17:00,3.8,0.58,48,31.9
2018/7/12 18:00,4.2,0.55,48,31.4
2018/7/12 19:00,4.1,0.16,55,30.4
2018/7/12 20:00,1.9,0,68,28.8
2018/7/12 21:00,2,0,59,29
2018/7/12 22:00,1.9,0,59,28.6
2018/7/12 23:00,3.2,0,75,27.3
2018/7/13 0:00,2.4,0,75,27
2018/7/13 1:00,1.3,0,77,26.9
2018/7/13 2:00,1.2,0,77,26.8
2018/7/13 3:00,1.3,0,77,26.5
2018/7/13 4:00,0.9,0,74,26.2
2018/7/13 5:00,1.8,0,66,26.6
2018/7/13 6:00,1.8,0.2,68,26.4
2018/7/13 7:00,3.6,0.64,65,27.3
2018/7/13 8:00,2.1,1.11,61,28.8
2018/7/13 9:00,2.1,1.83,55,29.5
2018/7/13 10:00,4.4,2.61,49,31.8
2018/7/13 11:00,5.5,3,46,33
2018/7/13 12:00,4.8,2.74,43,33.1
2018/7/13 13:00,5.2,1.42,47,31.6
2018/7/13 14:00,6.5,1.34,51,31.4
2018/7/13 15:00,6.1,2.24,46,32.9
2018/7/13 16:00,4.6,2.07,47,33.3
2018/7/13 17:00,5.8,1.54,47,33
2018/7/13 18:00,4.6,0.82,49,32.1
2018/7/13 19:00,3.3,0.2,53,30.8
2018/7/13 20:00,4.3,0,53,30.5
2018/7/13 21:00,4.5,0,56,29.5
2018/7/13 22:00,3.5,0,58,28.8
2018/7/13 23:00,2.4,0,58,28.6
2018/7/14 0:00,1.8,0,60,27.6
2018/7/14 1:00,2.7,0,59,28.1
2018/7/14 2:00,2.3,0,63,27.3
2018/7/14 3:00,3,0,65,27.1
2018/7/14 4:00,3.5,0,67,26.7
2018/7/14 5:00,2.5,0,69,26.4
2018/7/14 6:00,2.4,0.2,69,26.4
2018/7/14 7:00,3.5,0.59,65,27.2
2018/7/14 8:00,3,1.3,60,28.9
2018/7/14 9:00,2.8,2.2,52,30.9
2018/7/14 10:00,3.2,2.76,45,32.2
2018/7/14 11:00,1.9,2.88,42,33.2
2018/7/14 12:00,2.1,3.34,39,34.6
2018/7/14 13:00,2.4,3.4,35,35.1
2018/7/14 14:00,1.7,3.18,33,36
2018/7/14 15:00,3.1,2.79,39,36.7
2018/7/14 16:00,5.1,2.19,35,36.3
2018/7/14 17:00,5.6,1.49,40,34.8
2018/7/14 18:00,5.3,0.8,49,33.3
2018/7/14 19:00,5.3,0.21,56,31.4
2018/7/14 20:00,4.5,0,59,30.6
2018/7/14 21:00,4.2,0,63,29.7
2018/7/14 22:00,2.6,0,65,29.1
2018/7/14 23:00,2.1,0,65,28.8
2018/7/15 0:00,2.2,0,65,28.8
2018/7/15 1:00,2,0,64,28.4
2018/7/15 2:00,1.2,0,66,28.2
2018/7/15 3:00,0.9,0,68,28
2018/7/15 4:00,0.7,0,72,27.4
2018/7/15 5:00,1.3,0,74,27.3
2018/7/15 6:00,1.2,0.22,71,28.1
2018/7/15 7:00,0.7,0.79,66,28.9
2018/7/15 8:00,0.6,1.51,64,30.9
2018/7/15 9:00,1.2,2.35,56,31.9
2018/7/15 10:00,2,2.53,51,32.9
2018/7/15 11:00,1.9,2.78,50,32.6
2018/7/15 12:00,1.5,3.04,46,35.3
2018/7/15 13:00,2.7,3.31,41,35.2
2018/7/15 14:00,1.5,3.12,41,36.7
2018/7/15 15:00,2.7,2.69,39,36.2
2018/7/15 16:00,4.7,2.2,37,36.3
2018/7/15 17:00,4.4,1.54,40,34.6
2018/7/15 18:00,4.4,0.79,47,33
2018/7/15 19:00,4.5,0.2,53,31.3
2018/7/15 20:00,5.1,0,56,30.4
2018/7/15 21:00,4.1,0,62,29.6
2018/7/15 22:00,3.2,0,68,29.1
2018/7/15 23:00,2.7,0,71,28.7
2018/7/16 0:00,2.1,0,74,28.2
2018/7/16 1:00,1.5,0,71,28.1
2018/7/16 2:00,0.9,0,72,27.8
2018/7/16 3:00,1.4,0,74,27.3
2018/7/16 4:00,1,0,76,27.3
2018/7/16 5:00,1.7,0,76,27.2
2018/7/16 6:00,1.2,0.19,72,27.9
2018/7/16 7:00,1.2,0.79,68,28.9
2018/7/16 8:00,1.8,1.48,59,30.5
2018/7/16 9:00,0.9,2.11,55,31.5
2018/7/16 10:00,1.9,2.62,51,33.3
2018/7/16 11:00,1.7,2.9,49,35.2
2018/7/16 12:00,2.8,2.98,42,35.4
2018/7/16 13:00,3.3,2.61,43,35.6
2018/7/16 14:00,2.3,3.12,39,37.2
2018/7/16 15:00,2.8,2.71,38,37.4
2018/7/16 16:00,3.9,2.06,44,37.3
2018/7/16 17:00,4.2,1.45,49,35.7
2018/7/16 18:00,3.9,0.71,56,33.4
2018/7/16 19:00,4.3,0.17,60,32
2018/7/16 20:00,5.3,0.01,62,30.8
2018/7/16 21:00,4.1,0,64,30
2018/7/16 22:00,4.5,0,70,29.1
2018/7/16 23:00,3.1,0,72,28.6
2018/7/17 0:00,1.5,0,73,28.2
2018/7/17 1:00,2.1,0,69,28.3
2018/7/17 2:00,2.7,0,71,28.1
2018/7/17 3:00,1.1,0,75,27.5
2018/7/17 4:00,2.2,0,76,27.8
2018/7/17 5:00,1.4,0,78,27.2
2018/7/17 6:00,1.1,0.11,78,27.4
2018/7/17 7:00,1.2,0.6,73,28.5
2018/7/17 8:00,1.3,1.42,67,29.5
2018/7/17 9:00,0.8,2,62,31.3
2018/7/17 10:00,1.2,2.21,56,31.6
2018/7/17 11:00,3.2,2.75,54,33.6
2018/7/17 12:00,1.5,2.78,53,35
2018/7/17 13:00,2.5,2.9,45,35.4
2018/7/17 14:00,2.7,2.91,40,36.6
2018/7/17 15:00,1.9,2.33,45,35.8
2018/7/17 16:00,5.4,2.2,53,34.9
2018/7/17 17:00,5.2,0.67,55,34.1
2018/7/17 18:00,4.9,0.72,58,33.1
2018/7/17 19:00,3.7,0.12,63,31.8
2018/7/17 20:00,4.9,0,67,30.3
2018/7/17 21:00,4.8,0,73,29.3
2018/7/17 22:00,3.6,0,74,28.9
2018/7/17 23:00,3.7,0,75,28.5
2018/7/18 0:00,2.5,0,76,28.3
2018/7/18 1:00,1.7,0,76,28.4
2018/7/18 2:00,2.3,0,76,28.3
2018/7/18 3:00,2,0,76,28.3
2018/7/18 4:00,1.3,0,77,27.9
2018/7/18 5:00,1.2,0,79,27.6
2018/7/18 6:00,0.8,0.17,76,28.5
2018/7/18 7:00,1.3,0.55,71,29.2
2018/7/18 8:00,1.5,1.23,69,30.2
2018/7/18 9:00,1.8,2.12,60,32.1
2018/7/18 10:00,2,2.75,52,33.5
2018/7/18 11:00,2.6,3.19,39,35.7
2018/7/18 12:00,1.8,3.34,37,37.2
2018/7/18 13:00,2.3,3.43,29,37.8
2018/7/18 14:00,1.8,3.16,31,38.8
2018/7/18 15:00,0.9,2.73,32,38.5
2018/7/18 16:00,4.8,1.54,50,35.2
2018/7/18 17:00,3.9,1.28,53,34.6
2018/7/18 18:00,5,0.69,58,33
2018/7/18 19:00,4.1,0.17,62,32
2018/7/18 20:00,3.4,0,63,31.4
2018/7/18 21:00,3.3,0,67,30.8
2018/7/18 22:00,3.4,0,72,30
2018/7/18 23:00,3.8,0,75,29.4
2018/7/19 0:00,3.3,0,75,29.1
2018/7/19 1:00,3.2,0,79,28.9
2018/7/19 2:00,1.5,0,79,28.6
2018/7/19 3:00,1.6,0,79,28.4
2018/7/19 4:00,1.2,0,80,28.2
2018/7/19 5:00,1.2,0,78,28.7
2018/7/19 6:00,2.1,0.1,76,29
2018/7/19 7:00,2.5,0.38,74,29.3
2018/7/19 8:00,1.6,0.81,68,30.2
2018/7/19 9:00,1.6,2.08,61,31.6
2018/7/19 10:00,2.7,2.21,62,31.7
2018/7/19 11:00,2.5,2.63,53,34.2
2018/7/19 12:00,3.8,1.97,54,33.9
2018/7/19 13:00,3.3,2.42,52,34.5
2018/7/19 14:00,4,2.75,49,35.5
2018/7/19 15:00,4.3,2.09,48,34.8
2018/7/19 16:00,4.8,1.96,51,34.2
2018/7/19 17:00,4.9,1.42,52,33.8
2018/7/19 18:00,4.5,0.7,57,32.8
2018/7/19 19:00,5.6,0.17,63,31
2018/7/19 20:00,5.4,0,67,29.8
2018/7/19 21:00,5.2,0,65,29.2
2018/7/19 22:00,4.6,0,70,28.8
2018/7/19 23:00,4.6,0,74,28.7
2018/7/20 0:00,2.5,0,75,28.4
2018/7/20 1:00,2.4,0,76,28.1
2018/7/20 2:00,1.7,0,77,28.3
2018/7/20 3:00,2,0,78,28.1
2018/7/20 4:00,1.5,0,78,28.1
2018/7/20 5:00,2,0,77,27.8
2018/7/20 6:00,2.3,0.14,76,28.1
2018/7/20 7:00,2.1,0.79,70,29.3
2018/7/20 8:00,1.8,1.54,63,30.6
2018/7/20 9:00,2.8,1.86,58,31.8
2018/7/20 10:00,3.1,2.22,53,32.6
2018/7/20 11:00,2.6,3.27,48,34.9
2018/7/20 12:00,4.1,3.25,46,34
2018/7/20 13:00,2.9,2.87,44,35.5
2018/7/20 14:00,3.6,3.01,44,34.9
2018/7/20 15:00,5,2.69,46,34.5
2018/7/20 16:00,5.5,1.84,51,33.7
2018/7/20 17:00,5.3,1.49,54,33.1
2018/7/20 18:00,4.9,0.84,63,31.7
2018/7/20 19:00,4.9,0.25,67,30.5
2018/7/20 20:00,5.1,0,67,29.6
2018/7/20 21:00,4.4,0,67,29.1
2018/7/20 22:00,4,0,69,28.8
2018/7/20 23:00,2.5,0,73,28.2
2018/7/21 0:00,2.6,0,76,28
2018/7/21 1:00,2.3,0,79,27.5
2018/7/21 2:00,1.9,0,79,27.2
2018/7/21 3:00,1.3,0,80,26.9
2018/7/21 4:00,1.4,0,78,27.1
2018/7/21 5:00,1.3,0,79,27
2018/7/21 6:00,1.3,0.22,75,27.8
2018/7/21 7:00,1.1,0.84,69,29.2
2018/7/21 8:00,0.9,1.65,64,29.9
2018/7/21 9:00,0.8,1.66,55,31.1
2018/7/21 10:00,2,2.58,55,32.6
2018/7/21 11:00,1.4,1.82,52,32.7
2018/7/21 12:00,2.5,2.43,44,35
2018/7/21 13:00,1.9,2.6,43,34.8
2018/7/21 14:00,4.7,2.53,45,34.7
2018/7/21 15:00,3.6,1.63,46,34.1
2018/7/21 16:00,4.4,2.12,43,34.7
2018/7/21 17:00,4.4,1.54,46,33.6
2018/7/21 18:00,4.6,0.84,54,31.8
2018/7/21 19:00,4.2,0.17,61,30.6
2018/7/21 20:00,3.8,0,69,29.6
2018/7/21 21:00,3.1,0,74,28.9
2018/7/21 22:00,3.6,0,76,28.3
2018/7/21 23:00,2.7,0,76,28.1
2018/7/22 0:00,1.9,0,76,27.8
2018/7/22 1:00,1.1,0,73,27.8
2018/7/22 2:00,1.1,0,75,27.1
2018/7/22 3:00,0.3,0,75,27.6
2018/7/22 4:00,0.9,0,78,27.1
2018/7/22 5:00,0.9,0,79,26.9
2018/7/22 6:00,0.9,0.21,76,27.6
2018/7/22 7:00,1.9,0.86,69,28.5
2018/7/22 8:00,1.8,1.53,66,29.9
2018/7/22 9:00,2.3,2.14,54,32.2
2018/7/22 10:00,2.1,2.81,48,34
2018/7/22 11:00,3.2,3.22,41,34.6
2018/7/22 12:00,2.8,3.44,38,36.6
2018/7/22 13:00,3.2,3.47,34,37.3
2018/7/22 14:00,3.5,3,32,38.2
2018/7/22 15:00,4.1,2.75,31,38.5
2018/7/22 16:00,3.3,2.18,34,38.2
2018/7/22 17:00,5.7,1.55,39,36.9
2018/7/22 18:00,5,0.85,35,36.2
2018/7/22 19:00,4.9,0.25,37,35.1
2018/7/22 20:00,4.3,0,37,34.2
2018/7/22 21:00,4.1,0,39,33.4
2018/7/22 22:00,4.5,0,41,33.1
2018/7/22 23:00,2.9,0,46,32.1
2018/7/23 0:00,3.1,0,50,31.2
2018/7/23 1:00,4,0,52,30.8
2018/7/23 2:00,3.2,0,52,30.7
2018/7/23 3:00,3.6,0,58,30
2018/7/23 4:00,2.3,0,62,29.2
2018/7/23 5:00,3.6,0,62,29
2018/7/23 6:00,3.3,0.1,63,29
2018/7/23 7:00,3.5,0.84,56,30.3
2018/7/23 8:00,4.4,1.6,46,32.2
2018/7/23 9:00,3.8,2.34,41,34.2
2018/7/23 10:00,3.9,2.86,38,35.7
2018/7/23 11:00,4.6,3.25,37,36.9
2018/7/23 12:00,4,3.47,33,38.7
2018/7/23 13:00,5.9,3.48,31,38.3
2018/7/23 14:00,5.5,3.22,30,39.4
2018/7/23 15:00,7.6,2.8,31,38.2
2018/7/23 16:00,7.3,2.22,31,37.9
2018/7/23 17:00,8.5,1.54,37,36
2018/7/23 18:00,6.6,0.84,41,34.9
2018/7/23 19:00,6.5,0.21,45,33.5
2018/7/23 20:00,7,0,45,32.7
2018/7/23 21:00,5.1,0,49,32
2018/7/23 22:00,5.3,0,53,30.8
2018/7/23 23:00,5,0,54,30.2
2018/7/24 0:00,4.5,0,57,29.6
2018/7/24 1:00,4.5,0,60,29.1
2018/7/24 2:00,2.5,0,61,28.9
2018/7/24 3:00,3.6,0,59,28.8
2018/7/24 4:00,2.2,0,62,28.5
2018/7/24 5:00,2,0,60,28.3
2018/7/24 6:00,1.7,0.26,58,28.6
2018/7/24 7:00,1.5,0.83,57,29.3
2018/7/24 8:00,3.2,1.57,53,31.2
2018/7/24 9:00,2.7,2.02,48,32.3
2018/7/24 10:00,3.5,2.73,43,34.4
2018/7/24 11:00,4,3.13,38,35.8
2018/7/24 12:00,4.1,3.35,38,35.6
2018/7/24 13:00,4,3.35,34,36.7
2018/7/24 14:00,2.4,3.17,31,36.8
2018/7/24 15:00,3,2.74,31,38.4
2018/7/24 16:00,2.9,2.15,31,37.6
2018/7/24 17:00,2.7,1.47,33,36.8
2018/7/24 18:00,1.4,0.74,38,35.1
2018/7/24 19:00,5.7,0.14,60,31.6
2018/7/24 20:00,4.6,0,64,30.9
2018/7/24 21:00,2.9,0,69,30.2
2018/7/24 22:00,2.5,0,69,29.9
2018/7/24 23:00,1.8,0,69,29.6
2018/7/25 0:00,1.1,0,70,29.3
2018/7/25 1:00,1.3,0,70,29.2
2018/7/25 2:00,2.1,0,68,29.5
2018/7/25 3:00,1.5,0,69,29.2
2018/7/25 4:00,1.6,0,68,29
2018/7/25 5:00,1,0,70,28.6
2018/7/25 6:00,1.7,0.12,69,29
2018/7/25 7:00,0.9,0.53,66,29.6
2018/7/25 8:00,1.1,1.2,63,30.3
2018/7/25 9:00,1.3,1.86,56,31.9
2018/7/25 10:00,0.9,2.62,51,33.3
2018/7/25 11:00,1.5,1.85,50,33.5
2018/7/25 12:00,1.7,2.07,48,34.2
2018/7/25 13:00,3.7,2.03,50,34.9
2018/7/25 14:00,6.2,2.54,51,35.3
2018/7/25 15:00,4.6,1.91,53,34.2
2018/7/25 16:00,5.1,1.66,55,33.1
2018/7/25 17:00,5.9,0.97,55,32.3
2018/7/25 18:00,5.4,0.35,60,31.1
2018/7/25 19:00,6.4,0.07,66,30
2018/7/25 20:00,3.6,0,76,28.4
2018/7/25 21:00,3.1,0,81,27.7
2018/7/25 22:00,3,0,76,28.3
2018/7/25 23:00,2.8,0,72,28.5
2018/7/26 0:00,2,0,71,28.2
2018/7/26 1:00,2,0,70,27.8
2018/7/26 2:00,1.9,0,68,27.6
2018/7/26 3:00,1,0,71,27.4
2018/7/26 4:00,1.2,0,71,27.4
2018/7/26 5:00,0.7,0,73,26.8
2018/7/26 6:00,1.2,0.04,71,27.7
2018/7/26 7:00,0.6,0.35,69,28.2
2018/7/26 8:00,1.1,0.89,63,29.1
2018/7/26 9:00,1.3,2.01,60,30.8
2018/7/26 10:00,1.2,2.12,54,31.9
2018/7/26 11:00,3,2.02,53,32.4
2018/7/26 12:00,2.9,2.13,54,31.9
2018/7/26 13:00,4.6,2.02,53,33.6
2018/7/26 14:00,5,1.83,51,33.1
2018/7/26 15:00,5.9,2.09,56,31.8
2018/7/26 16:00,7.3,1.77,56,30.7
2018/7/26 17:00,7,1.07,57,30
2018/7/26 18:00,6.4,0.36,58,28.9
2018/7/26 19:00,4.6,0.05,59,28.1
2018/7/26 20:00,4.7,0,59,27.9
2018/7/26 21:00,3.9,0,65,27.6
2018/7/26 22:00,3.4,0,65,27.6
2018/7/26 23:00,3,0,66,27.4
2018/7/27 0:00,3.3,0,67,27
2018/7/27 1:00,3,0,67,26.9
2018/7/27 2:00,2.4,0,68,26.6
2018/7/27 3:00,3.1,0,69,26.4
2018/7/27 4:00,2.7,0,69,26.1
2018/7/27 5:00,2.5,0,70,25.8
2018/7/27 6:00,1.7,0.08,68,25.9
2018/7/27 7:00,2.5,0.2,63,26.6
2018/7/27 8:00,1.6,1.24,58,27.6
2018/7/27 9:00,1.9,1.04,59,27.6
2018/7/27 10:00,3,0.8,56,28.7
2018/7/27 11:00,2.8,2.27,47,30.9
2018/7/27 12:00,3.2,2.97,46,31.6
2018/7/27 13:00,4.9,2.59,45,31.5
2018/7/27 14:00,5.2,2.15,44,31.8
2018/7/27 15:00,4.1,2.22,44,31.6
2018/7/27 16:00,4.1,2.14,45,31.4
2018/7/27 17:00,4.2,1.04,46,30.8
2018/7/27 18:00,5.7,0.38,48,29.8
2018/7/27 19:00,4.4,0.12,55,28.3
2018/7/27 20:00,4.4,0,60,27.8
2018/7/27 21:00,3,0,58,27.4
2018/7/27 22:00,2.8,0,62,27
2018/7/27 23:00,2.1,0,65,26.7
2018/7/28 0:00,2.9,0,68,26.7
2018/7/28 1:00,1.8,0,68,26.4
2018/7/28 2:00,1.6,0,66,26.5
2018/7/28 3:00,1.5,0,64,26.7
2018/7/28 4:00,1.6,0,67,26.2
2018/7/28 5:00,1.5,0,68,26
2018/7/28 6:00,1.6,0.08,66,26.1
2018/7/28 7:00,1.9,0.16,66,26.3
2018/7/28 8:00,2.2,0.32,70,26.1
2018/7/28 9:00,1.7,0.53,72,25.8
2018/7/28 10:00,1.2,1.14,68,26.8
2018/7/28 11:00,2.7,2.22,55,29.3
2018/7/28 12:00,3.7,2.12,52,30.3
2018/7/28 13:00,4.1,2.92,43,33.5
2018/7/28 14:00,3.2,2.76,42,33.4
2018/7/28 15:00,5,1.84,40,34.4
2018/7/28 16:00,6.6,1.85,48,33.8
2018/7/28 17:00,7.9,0.78,47,33.1
2018/7/28 18:00,7.8,0.14,55,31.3
2018/7/28 19:00,7.1,0.01,62,29.8
2018/7/28 20:00,6.4,0,59,29.8
2018/7/28 21:00,6.1,0,57,29.7
2018/7/28 22:00,3.7,0,55,29.8
2018/7/28 23:00,5.3,0,55,29.8
2018/7/29 0:00,4.8,0,61,29.1
2018/7/29 1:00,7.2,0,68,27.7
2018/7/29 2:00,5.9,0,84,25.6
2018/7/29 3:00,5.8,0,80,25.8
2018/7/29 4:00,7.1,0,74,26.4
2018/7/29 5:00,4.6,0,75,26.4
2018/7/29 6:00,5.6,0.13,73,26.6
2018/7/29 7:00,3.9,0.38,70,27.3
2018/7/29 8:00,5,1,61,29.4
2018/7/29 9:00,8.1,1.67,58,30.8
2018/7/29 10:00,8,2.53,52,32
2018/7/29 11:00,10.2,3.3,45,33.1
2018/7/29 12:00,10.3,3.47,47,33.1
2018/7/29 13:00,8.4,2.14,79,28.5
2018/7/29 14:00,7.3,2.57,63,29.8
2018/7/29 15:00,6.7,1.4,67,28.9
2018/7/29 16:00,7,1.29,62,29.8
2018/7/29 17:00,6.6,0.42,64,29
2018/7/29 18:00,5.1,0.26,68,28.4
2018/7/29 19:00,4.8,0.07,71,27.8
2018/7/29 20:00,3.9,0,72,27.4
2018/7/29 21:00,4.4,0,70,27.5
2018/7/29 22:00,4,0,73,27
2018/7/29 23:00,4.1,0,72,26.8
2018/7/30 0:00,2.6,0,75,26.4
2018/7/30 1:00,1.7,0,78,26
2018/7/30 2:00,1.5,0,74,26
2018/7/30 3:00,1.9,0,72,25.9
2018/7/30 4:00,2.5,0,71,25.6
2018/7/30 5:00,1.4,0,71,25.3
2018/7/30 6:00,1.8,0.18,66,25.8
2018/7/30 7:00,2.1,0.8,61,27.5
2018/7/30 8:00,1.7,1.51,58,28.6
2018/7/30 9:00,0.7,2.19,48,30.5
2018/7/30 10:00,2.2,2.78,40,33.3
2018/7/30 11:00,2.1,3.11,40,34.6
2018/7/30 12:00,5.1,3.43,36,35.8
2018/7/30 13:00,4.7,3.4,38,35.3
2018/7/30 14:00,6.6,2.79,45,34.2
2018/7/30 15:00,6,2.31,49,32.8
2018/7/30 16:00,6,1.96,52,32.1
2018/7/30 17:00,7.2,1.16,53,31.1
2018/7/30 18:00,5.4,0.62,54,30.3
2018/7/30 19:00,5.5,0.09,58,29.2
2018/7/30 20:00,4,0,62,28.6
2018/7/30 21:00,3.2,0,64,28.4
2018/7/30 22:00,2.8,0,67,28.1
2018/7/30 23:00,1.9,0,69,27.9
2018/7/31 0:00,2,0,70,27.7
2018/7/31 1:00,1.1,0,72,27.5
2018/7/31 2:00,1.6,0,71,27.7
2018/7/31 3:00,1.8,0,73,27.5
2018/7/31 4:00,0.7,0,73,27.5
2018/7/31 5:00,1.4,0,71,27.4
2018/7/31 6:00,1.5,0.11,71,27.5
2018/7/31 7:00,1.3,0.36,69,27.9
2018/7/31 8:00,1.1,1.03,65,28.9
2018/7/31 9:00,1.5,1.47,57,30.9
2018/7/31 10:00,2.4,2.54,50,32.1
2018/7/31 11:00,1.9,1.82,48,33.7
2018/7/31 12:00,3.6,1.86,55,32.5
2018/7/31 13:00,4,2.84,45,34.2
2018/7/31 14:00,5,2.13,43,34.4
2018/7/31 15:00,5,2.24,44,33.8
2018/7/31 16:00,5.5,1.86,52,32.5
2018/7/31 17:00,3.7,1.23,55,31.2
2018/7/31 18:00,4.4,0.74,58,30.2
2018/7/31 19:00,3.4,0.15,61,29.6
2018/7/31 20:00,2.7,0,63,29.3
2018/7/31 21:00,2.7,0,66,28.6
2018/7/31 22:00,3,0,66,28.3
2018/7/31 23:00,2,0,67,27.8
2018/8/1 0:00,2,0,73,27.3
2018/8/1 1:00,1.7,0,74,26.9
2018/8/1 2:00,1.4,0,74,26.9
2018/8/1 3:00,1.2,0,74,27
2018/8/1 4:00,1.5,0,76,26.5
2018/8/1 5:00,1,0,79,26.3
2018/8/1 6:00,0.5,0.15,74,27.1
2018/8/1 7:00,1.3,0.72,69,28.1
2018/8/1 8:00,1.3,1.38,63,29.4
2018/8/1 9:00,1.5,1.69,52,31.1
2018/8/1 10:00,1.4,2.66,48,32.4
2018/8/1 11:00,2.2,3.13,44,34.5
2018/8/1 12:00,3.3,3.26,41,35
2018/8/1 13:00,3.2,3.23,37,36
2018/8/1 14:00,3.6,3.07,34,36.9
2018/8/1 15:00,3.7,2.68,33,36.6
2018/8/1 16:00,2,2.08,35,36.4
2018/8/1 17:00,5,1.31,44,34.6
2018/8/1 18:00,3.5,0.47,52,33
2018/8/1 19:00,3.4,0.06,61,31.6
2018/8/1 20:00,2.6,0,63,30.8
2018/8/1 21:00,2.7,0,63,30.4
2018/8/1 22:00,2.5,0,67,29.6
2018/8/1 23:00,2.2,0,72,29
2018/8/2 0:00,1.5,0,73,28.9
2018/8/2 1:00,1.4,0,74,28.6
2018/8/2 2:00,1.6,0,75,28.6
2018/8/2 3:00,1.2,0,76,28.4
2018/8/2 4:00,1.8,0,73,28.2
2018/8/2 5:00,1.7,0,68,28.6
2018/8/2 6:00,1.4,0.14,69,28.9
2018/8/2 7:00,1.7,0.69,64,30
2018/8/2 8:00,2.4,1.4,56,31.6
2018/8/2 9:00,3,2.05,50,33
2018/8/2 10:00,2.8,2.66,45,35
2018/8/2 11:00,2.6,3.08,39,36.6
2018/8/2 12:00,4.5,3.07,35,38.1
2018/8/2 13:00,3.3,3.34,36,38.4
2018/8/2 14:00,4.7,3.14,37,38.6
2018/8/2 15:00,4.4,2.66,35,38.8
2018/8/2 16:00,4.6,1.75,33,37.5
2018/8/2 17:00,5.5,1.2,35,36.8
2018/8/2 18:00,4.7,0.69,39,35.7
2018/8/2 19:00,5,0.12,41,34.3
2018/8/2 20:00,5.3,0,44,33.4
2018/8/2 21:00,3.7,0,48,32.5
2018/8/2 22:00,3.6,0,51,31.8
2018/8/2 23:00,3.2,0,53,31
2018/8/3 0:00,3.1,0,54,30.8
2018/8/3 1:00,2.4,0,55,30.2
2018/8/3 2:00,2.6,0,56,29.6
2018/8/3 3:00,2.8,0,58,29
2018/8/3 4:00,2.6,0,60,28.5
2018/8/3 5:00,3.3,0,63,28.1
2018/8/3 6:00,2.9,0.14,59,28.4
2018/8/3 7:00,2.9,0.69,54,29.6
2018/8/3 8:00,3.9,1.41,51,30.7
2018/8/3 9:00,3.4,2.12,43,32.8
2018/8/3 10:00,3.3,2.67,37,34.8
2018/8/3 11:00,2.8,3.08,33,36.3
2018/8/3 12:00,3.5,3.32,28,37.4
2018/8/3 13:00,3.9,3.27,27,38
2018/8/3 14:00,4.5,3.07,27,40.2
2018/8/3 15:00,5.3,2.67,30,38.9
2018/8/3 16:00,7.2,2.07,35,37
2018/8/3 17:00,5.3,1.35,39,36.4
2018/8/3 18:00,5.7,0.66,40,34.7
2018/8/3 19:00,5,0.12,42,33.3
2018/8/3 20:00,4.1,0,43,32.2
2018/8/3 21:00,4.1,0,46,31.3
2018/8/3 22:00,4.1,0,49,30.3
2018/8/3 23:00,3.5,0,50,29.8
2018/8/4 0:00,3.4,0,52,29.4
2018/8/4 1:00,2.7,0,55,28.8
2018/8/4 2:00,2.7,0,55,28.9
2018/8/4 3:00,3.7,0,55,28.4
2018/8/4 4:00,3,0,57,28.1
2018/8/4 5:00,2.5,0,59,27.7
2018/8/4 6:00,2.1,0.09,59,27.8
2018/8/4 7:00,1.9,0.51,55,28.7
2018/8/4 8:00,1.9,0.78,50,30
2018/8/4 9:00,1.4,2.02,44,32.1
2018/8/4 10:00,2.1,2.46,42,34
2018/8/4 11:00,2.7,2.98,40,35.4
2018/8/4 12:00,2.3,2.85,39,35.5
2018/8/4 13:00,3,3.02,40,35.8
2018/8/4 14:00,3.4,2.92,42,35.6
2018/8/4 15:00,2.3,2.55,39,36.7
2018/8/4 16:00,3.5,1.97,39,36.1
2018/8/4 17:00,4.4,1.33,47,34.5
2018/8/4 18:00,4.1,0.61,51,33.3
2018/8/4 19:00,3.6,0.11,55,32.3
2018/8/4 20:00,3.7,0,58,31.6
2018/8/4 21:00,2.3,0,61,30.8
2018/8/4 22:00,1.7,0,66,30
2018/8/4 23:00,2.9,0,66,30
2018/8/5 0:00,2.8,0,72,29.3
2018/8/5 1:00,1.7,0,75,28.8
2018/8/5 2:00,1.5,0,76,28.4
2018/8/5 3:00,1.5,0,78,28.2
2018/8/5 4:00,1.4,0,78,28.3
2018/8/5 5:00,1.3,0,78,28
2018/8/5 6:00,1.9,0.06,78,28.4
2018/8/5 7:00,1.9,0.17,77,28.6
2018/8/5 8:00,1.6,0.89,69,29.9
2018/8/5 9:00,1.4,1.04,61,31.3
2018/8/5 10:00,1.5,2.45,54,32.4
2018/8/5 11:00,1.9,2.5,47,34.4
2018/8/5 12:00,2.9,3.29,34,36.7
2018/8/5 13:00,3.3,3.2,35,37.2
2018/8/5 14:00,4.3,3.09,32,38
2018/8/5 15:00,3.7,2.65,31,38.7
2018/8/5 16:00,5,2.01,38,37.5
2018/8/5 17:00,4.8,1.35,37,37
2018/8/5 18:00,5.8,0.69,26,36.4
2018/8/5 19:00,5.3,0.13,32,35
2018/8/5 20:00,4.5,0,36,34.2
2018/8/5 21:00,3,0,42,32.8
2018/8/5 22:00,3,0,45,32.5
2018/8/5 23:00,3.6,0,49,31.6
2018/8/6 0:00,2.3,0,52,30.8
2018/8/6 1:00,2.8,0,53,30.4
2018/8/6 2:00,2.9,0,54,30.3
2018/8/6 3:00,3.6,0,57,30
2018/8/6 4:00,3.2,0,60,29.5
2018/8/6 5:00,3.9,0,62,29
2018/8/6 6:00,3.2,0.14,64,29
2018/8/6 7:00,3,0.7,59,30.3
2018/8/6 8:00,3,1.39,52,31.8
2018/8/6 9:00,5.4,2.1,42,34
2018/8/6 10:00,4.7,2.68,40,36.1
2018/8/6 11:00,4.9,3.1,37,36.3
2018/8/6 12:00,5.4,3.33,33,37.4
2018/8/6 13:00,4.3,3.1,35,38.3
2018/8/6 14:00,4.8,3.1,36,37.9
2018/8/6 15:00,5.2,2.63,35,38.7
2018/8/6 16:00,5.7,2.04,38,37.8
2018/8/6 17:00,6.8,1.34,42,35.9
2018/8/6 18:00,5.5,0.63,47,34.1
2018/8/6 19:00,5.3,0.11,52,32.5
2018/8/6 20:00,4.5,0,55,31.8
2018/8/6 21:00,4.6,0,57,31
2018/8/6 22:00,3.8,0,58,30.4
2018/8/6 23:00,1.3,0,59,30.3
2018/8/7 0:00,2.9,0,59,29.9
2018/8/7 1:00,3.1,0,59,29.9
2018/8/7 2:00,2.8,0,58,29.8
2018/8/7 3:00,2.2,0,59,29.5
2018/8/7 4:00,2.1,0,60,29.3
2018/8/7 5:00,1.5,0,60,28.9
2018/8/7 6:00,1.7,0.04,57,28.9
2018/8/7 7:00,1.4,0.12,72,27.8
2018/8/7 8:00,1.4,0.11,80,27.2
2018/8/7 9:00,2.8,0.68,58,28.5
2018/8/7 10:00,3.3,0.81,53,29.2
2018/8/7 11:00,2.1,1.3,52,30.2
2018/8/7 12:00,2.4,1.22,54,30.1
2018/8/7 13:00,4,1.49,57,30.8
2018/8/7 14:00,5,1.6,49,32.3
2018/8/7 15:00,4.8,1.71,57,31.2
2018/8/7 16:00,3.5,1.67,56,31.6
2018/8/7 17:00,3.3,1.29,57,31.4
2018/8/7 18:00,4.2,0.61,57,30.4
2018/8/7 19:00,3.5,0.12,61,29.8
2018/8/7 20:00,2.5,0,59,29.6
2018/8/7 21:00,2.7,0,53,29.4
2018/8/7 22:00,3,0,53,28.6
2018/8/7 23:00,2.8,0,55,28.2
2018/8/8 0:00,2.5,0,57,27.8
2018/8/8 1:00,3.8,0,59,27.2
2018/8/8 2:00,4.3,0,62,26.3
2018/8/8 3:00,3.8,0,65,25.9
2018/8/8 4:00,3,0,65,25.9
2018/8/8 5:00,3.8,0,65,25.8
2018/8/8 6:00,4.6,0.14,63,26.2
2018/8/8 7:00,3.6,0.7,59,27.6
2018/8/8 8:00,5.3,1.42,54,28.7
2018/8/8 9:00,3.5,2.12,49,30.5
2018/8/8 10:00,3.7,2.71,43,32.7
2018/8/8 11:00,4.9,3.11,38,35
2018/8/8 12:00,5.2,3.31,35,36.5
2018/8/8 13:00,6.5,3.32,35,36.4
2018/8/8 14:00,8.3,3.27,34,36.3
2018/8/8 15:00,6.9,2.11,42,33.7
2018/8/8 16:00,6.4,0.95,44,33.1
2018/8/8 17:00,7.3,0.78,46,32.4
2018/8/8 18:00,6.2,0.6,48,31.6
2018/8/8 19:00,6.1,0.16,52,30.2
2018/8/8 20:00,5.5,0,54,29.7
2018/8/8 21:00,4.2,0,57,29
2018/8/8 22:00,5.6,0,61,28.1
2018/8/8 23:00,4.3,0,63,27.8
2018/8/9 0:00,4.5,0,62,27.9
2018/8/9 1:00,4.1,0,64,27.7
2018/8/9 2:00,4.1,0,63,27.7
2018/8/9 3:00,3,0,66,27.2
2018/8/9 4:00,4.5,0,66,27.2
2018/8/9 5:00,3.2,0,67,27.3
2018/8/9 6:00,4.1,0.14,65,27.8
2018/8/9 7:00,4.5,0.73,60,29.1
2018/8/9 8:00,3.3,1.43,54,30.7
2018/8/9 9:00,3.2,2.11,48,32.8
2018/8/9 10:00,3.5,2.2,46,33.7
2018/8/9 11:00,3.6,2.52,43,35.2
2018/8/9 12:00,3.8,2.24,42,36.2
2018/8/9 13:00,5,2.79,42,35.3
2018/8/9 14:00,6,3.03,39,36.9
2018/8/9 15:00,5.8,2.69,40,36.3
2018/8/9 16:00,7.3,2.06,45,35
2018/8/9 17:00,6.3,1.37,49,33.6
2018/8/9 18:00,5,0.67,52,32.4
2018/8/9 19:00,5,0.09,56,31.2
2018/8/9 20:00,4.3,0,57,30.7
2018/8/9 21:00,3.7,0,58,30.4
2018/8/9 22:00,3.1,0,59,30.3
2018/8/9 23:00,2.7,0,59,30.1
2018/8/10 0:00,1.9,0,60,30
2018/8/10 1:00,1.9,0,63,29.6
2018/8/10 2:00,1.4,0,64,29.5
2018/8/10 3:00,2.5,0,70,28.7
2018/8/10 4:00,1.3,0,70,28.4
2018/8/10 5:00,1.1,0,69,28.6
2018/8/10 6:00,2,0.07,69,28.7
2018/8/10 7:00,1.5,0.59,65,29.8
2018/8/10 8:00,1.2,1.28,54,31.2
2018/8/10 9:00,1.6,1.31,57,30.8
2018/8/10 10:00,1.2,0.84,54,32
2018/8/10 11:00,1.5,0.73,54,31.5
2018/8/10 12:00,3.1,1.26,50,33.2
2018/8/10 13:00,3,2.37,46,35.8
2018/8/10 14:00,3.5,2.18,45,35.1
2018/8/10 15:00,3.7,1.53,45,34.4
2018/8/10 16:00,5.5,1.16,54,32.8
2018/8/10 17:00,4.9,1,57,32
2018/8/10 18:00,4.5,0.35,58,31.4
2018/8/10 19:00,5.3,0.06,60,30.4
2018/8/10 20:00,4,0,68,29.6
2018/8/10 21:00,4.3,0,71,29.1
2018/8/10 22:00,4.5,0,72,29
2018/8/10 23:00,2.8,0,74,28.9
2018/8/11 0:00,2.2,0,75,28.9
2018/8/11 1:00,2.6,0,76,28.8
2018/8/11 2:00,1.1,0,81,28.2
2018/8/11 3:00,1.4,0,78,28.3
2018/8/11 4:00,0.8,0,77,28.3
2018/8/11 5:00,1.4,0,78,27.8
2018/8/11 6:00,1.1,0.09,73,28
2018/8/11 7:00,2.6,0.48,70,29
2018/8/11 8:00,1.4,1,70,29.4
2018/8/11 9:00,1.2,1.6,59,32.1
2018/8/11 10:00,0.7,1.82,51,33
2018/8/11 11:00,2.4,2.19,50,33
2018/8/11 12:00,3.3,2.98,37,36.5
2018/8/11 13:00,2.6,2.48,41,35.5
2018/8/11 14:00,3.2,2.81,36,37
2018/8/11 15:00,4.6,2.19,35,37.2
2018/8/11 16:00,4.4,1.67,36,35.9
2018/8/11 17:00,5.2,1.16,50,33.3
2018/8/11 18:00,4.1,0.35,53,32.2
2018/8/11 19:00,4.2,0.09,59,31.1
2018/8/11 20:00,2.9,0,64,30.3
2018/8/11 21:00,4.2,0,68,29.5
2018/8/11 22:00,3.1,0,71,28.9
2018/8/11 23:00,2.2,0,70,29
2018/8/12 0:00,1.9,0,70,28.7
2018/8/12 1:00,1.9,0,70,28.7
2018/8/12 2:00,2.5,0,71,28.7
2018/8/12 3:00,2.1,0,69,28.6
2018/8/12 4:00,1.5,0,69,28.6
2018/8/12 5:00,1.9,0,71,28.2
2018/8/12 6:00,1.2,0.05,68,28.7
2018/8/12 7:00,1.2,0.3,64,29.6
2018/8/12 8:00,1,0.75,63,30.4
2018/8/12 9:00,1.5,1.54,60,31
2018/8/12 10:00,1.7,2.31,50,33.4
2018/8/12 11:00,3.4,1.58,80,28.8
2018/8/12 12:00,2.2,1.05,73,30.5
2018/8/12 13:00,1.7,2.81,53,33
2018/8/12 14:00,2.4,2.15,49,33.8
2018/8/12 15:00,3.6,0.28,86,27.4
2018/8/12 16:00,7,0.03,84,23.8
2018/8/12 17:00,4.2,0.09,85,24.4
2018/8/12 18:00,1.3,0.01,89,24.6
2018/8/12 19:00,2.7,0,89,24.8
2018/8/12 20:00,1.7,0,87,25.8
2018/8/12 21:00,0.3,0,86,25.5
2018/8/12 22:00,1.5,0,89,25.4
2018/8/12 23:00,1.4,0,87,26
2018/8/13 0:00,1.3,0,87,26.2
2018/8/13 1:00,2.7,0,86,25.9
2018/8/13 2:00,1.9,0,86,25.9
2018/8/13 3:00,1.8,0,87,26
2018/8/13 4:00,1.8,0,86,26
2018/8/13 5:00,1.7,0,89,25.5
2018/8/13 6:00,1.5,0.05,89,25.6
2018/8/13 7:00,1.9,0.54,81,27
2018/8/13 8:00,0.6,1.42,76,28.7
2018/8/13 9:00,1.6,2,65,30.6
2018/8/13 10:00,1,2.02,59,31.4
2018/8/13 11:00,1.2,2.36,55,32.3
2018/8/13 12:00,1.9,2.29,51,33.5
2018/8/13 13:00,2.8,3.17,44,34.2
2018/8/13 14:00,1.4,2.88,43,35.6
2018/8/13 15:00,1.6,1.17,47,34.4
2018/8/13 16:00,2.6,0.67,49,34.3
2018/8/13 17:00,2.7,0.4,55,32.5
2018/8/13 18:00,4.2,0.16,66,30.7
2018/8/13 19:00,2.7,0.03,84,28.6
2018/8/13 20:00,1.8,0,80,28.8
2018/8/13 21:00,2.1,0,77,28.7
2018/8/13 22:00,1.1,0,77,28.4
2018/8/13 23:00,1.8,0,78,27.9
2018/8/14 0:00,2.3,0,78,27.9
2018/8/14 1:00,1.3,0,79,27.6
2018/8/14 2:00,1.2,0,79,27.6
2018/8/14 3:00,1.7,0,77,27.8
2018/8/14 4:00,1.4,0,79,27.7
2018/8/14 5:00,2.2,0,79,27.4
2018/8/14 6:00,1.9,0.04,78,27.9
2018/8/14 7:00,2.5,0.55,78,28.2
2018/8/14 8:00,3.2,0.74,77,28.8
2018/8/14 9:00,2.3,2.16,69,30.8
2018/8/14 10:00,3.4,1.88,58,32.3
2018/8/14 11:00,3.2,2.13,53,33
2018/8/14 12:00,3,3.38,49,35.1
2018/8/14 13:00,5.1,3.06,46,34.3
2018/8/14 14:00,6,2.63,46,34
2018/8/14 15:00,5.7,2.58,42,34
2018/8/14 16:00,4.9,2.1,49,33.3
2018/8/14 17:00,4.1,1.44,53,31.8
2018/8/14 18:00,4.6,0.42,59,30.9
2018/8/14 19:00,4.2,0.07,65,29.8
2018/8/14 20:00,2.8,0,67,29.2
2018/8/14 21:00,3.3,0,70,28.6
2018/8/14 22:00,2.9,0,70,28.2
2018/8/14 23:00,2.5,0,72,27.8
2018/8/15 0:00,2.4,0,72,27.5
2018/8/15 1:00,2.6,0,72,27.3
2018/8/15 2:00,2.6,0,73,27.2
2018/8/15 3:00,2.8,0,74,26.9
2018/8/15 4:00,2.1,0,75,26.7
2018/8/15 5:00,2.7,0,73,26.9
2018/8/15 6:00,3.6,0.15,74,27.2
2018/8/15 7:00,2.5,0.3,88,25.6
2018/8/15 8:00,3,0.35,89,26.2
2018/8/15 9:00,3.8,1.05,81,27
2018/8/15 10:00,3.3,0.98,79,27.7
2018/8/15 11:00,3.7,1.38,70,28.9
2018/8/15 12:00,3.9,0.84,69,29.4
2018/8/15 13:00,2.3,1.1,80,28.8
2018/8/15 14:00,4.7,1.27,81,26.2
2018/8/15 15:00,4.3,0.91,80,26.6
2018/8/15 16:00,5,1.06,75,27.5
2018/8/15 17:00,5,0.92,77,27.3
2018/8/15 18:00,6,0.31,74,26.8
2018/8/15 19:00,4,0.03,86,25.6
2018/8/15 20:00,3.6,0,89,25.4
2018/8/15 21:00,3.9,0,88,25.5
2018/8/15 22:00,3.6,0,87,25.8
2018/8/15 23:00,3.7,0,86,26
2018/8/16 0:00,4.1,0,86,26.1
2018/8/16 1:00,3.5,0,88,25.9
2018/8/16 2:00,3,0,89,26
2018/8/16 3:00,3.7,0,89,26.2
2018/8/16 4:00,2.8,0,89,26.1
2018/8/16 5:00,3.5,0,89,26.2
2018/8/16 6:00,3.2,0.04,88,26.3
2018/8/16 7:00,3.8,0.24,86,26.8
2018/8/16 8:00,3.9,1.07,79,28.2
2018/8/16 9:00,4.9,1.55,75,28.6
2018/8/16 10:00,4.5,0.81,77,27.6
2018/8/16 11:00,3.6,1.36,72,29.3
2018/8/16 12:00,3.7,1.42,66,30.1
2018/8/16 13:00,4.2,1.57,66,29.9
2018/8/16 14:00,3.3,1.16,69,29.2
2018/8/16 15:00,1.8,1.16,78,28.8
2018/8/16 16:00,4.3,1.51,66,29.9
2018/8/16 17:00,3.7,0.31,68,29.3
2018/8/16 18:00,4.7,0.29,66,29.7
2018/8/16 19:00,4.4,0.03,64,29.7
2018/8/16 20:00,6.2,0,63,29.1
2018/8/16 21:00,5.9,0,62,27.6
2018/8/16 22:00,6.1,0,64,26.7
2018/8/16 23:00,4.4,0,64,26.3
2018/8/17 0:00,6.2,0,58,26.2
2018/8/17 1:00,4.4,0,60,25.2
2018/8/17 2:00,5.2,0,55,24.9
2018/8/17 3:00,4.3,0,59,23.7
2018/8/17 4:00,5.1,0,59,23.3
2018/8/17 5:00,5.5,0,54,23.4
2018/8/17 6:00,5.2,0.12,55,23.1
2018/8/17 7:00,7.5,0.73,49,24.1
2018/8/17 8:00,6.8,1.49,43,25.3
2018/8/17 9:00,5.5,2.23,38,27
2018/8/17 10:00,7.3,2.84,36,28
2018/8/17 11:00,7.5,3.27,30,29.2
2018/8/17 12:00,6.5,3.47,25,30.4
2018/8/17 13:00,6.9,3.44,23,30.6
2018/8/17 14:00,6,3.21,19,31
2018/8/17 15:00,6.5,2.74,18,30.6
2018/8/17 16:00,7.1,2.17,20,29.6
2018/8/17 17:00,5.6,1.4,23,29.4
2018/8/17 18:00,4.7,0.58,26,28.4
2018/8/17 19:00,4.3,0.09,29,27.4
2018/8/17 20:00,5.1,0,32,26
2018/8/17 21:00,5.7,0,36,24.9
2018/8/17 22:00,3.8,0,40,23.8
2018/8/17 23:00,4.2,0,43,23.2
2018/8/18 0:00,3.6,0,48,22.6
2018/8/18 1:00,2.6,0,51,22
2018/8/18 2:00,3.2,0,52,22
2018/8/18 3:00,2.5,0,53,21.9
2018/8/18 4:00,3.2,0,54,21.6
2018/8/18 5:00,2.5,0,55,21.6
2018/8/18 6:00,2.1,0.06,59,20.8
2018/8/18 7:00,2,0.59,53,22.4
2018/8/18 8:00,1.5,1.44,50,23.5
2018/8/18 9:00,1.3,2.22,44,26.5
2018/8/18 10:00,1.7,2.85,41,28.5
2018/8/18 11:00,3.1,2.61,39,27.4
2018/8/18 12:00,3.7,1.77,44,28.7
2018/8/18 13:00,3.4,2.37,38,30.4
2018/8/18 14:00,5,2.94,41,29.2
2018/8/18 15:00,4,2.66,39,29.3
2018/8/18 16:00,4.1,1.77,44,28.3
2018/8/18 17:00,4.3,0.59,47,27.2
2018/8/18 18:00,5,0.56,50,26.2
2018/8/18 19:00,5.1,0.05,53,25.1
2018/8/18 20:00,4.3,0,53,24.6
2018/8/18 21:00,4.5,0,55,24.1
2018/8/18 22:00,2.5,0,59,23.2
2018/8/18 23:00,3.7,0,56,23.1
2018/8/19 0:00,3.2,0,60,22.5
2018/8/19 1:00,2,0,59,22.8
2018/8/19 2:00,1.9,0,59,22.8
2018/8/19 3:00,1.1,0,59,22.8
2018/8/19 4:00,1.4,0,65,21.8
2018/8/19 5:00,1,0,66,22.1
2018/8/19 6:00,1.1,0.08,71,21.5
2018/8/19 7:00,1.3,0.68,62,23
2018/8/19 8:00,1.4,1.08,54,24.5
2018/8/19 9:00,1.2,2.04,50,25.4
2018/8/19 10:00,1.9,2.72,45,28.1
2018/8/19 11:00,2,2.9,43,28.3
2018/8/19 12:00,2.2,3.02,38,29.8
2018/8/19 13:00,2.1,2.72,38,29.7
2018/8/19 14:00,1.2,2.25,35,29.4
2018/8/19 15:00,4.5,1.91,40,29.2
2018/8/19 16:00,5.1,1.66,40,28.9
2018/8/19 17:00,4.4,0.93,41,27.7
2018/8/19 18:00,4,0.51,45,26.6
2018/8/19 19:00,4.2,0.05,49,25.8
2018/8/19 20:00,3.9,0,55,25.3
2018/8/19 21:00,3.5,0,58,24.8
2018/8/19 22:00,2.5,0,56,24.6
2018/8/19 23:00,1.9,0,60,23.7
2018/8/20 0:00,0.9,0,64,23
2018/8/20 1:00,1.7,0,63,23.3
2018/8/20 2:00,1.6,0,65,22.9
2018/8/20 3:00,1.3,0,63,22.8
2018/8/20 4:00,1.8,0,61,23.1
2018/8/20 5:00,3,0,63,22.7
2018/8/20 6:00,2.2,0.09,63,23
2018/8/20 7:00,3,0.46,59,23.9
2018/8/20 8:00,1.7,1.04,54,25.2
2018/8/20 9:00,1.8,1.04,52,26.1
2018/8/20 10:00,1.7,1.45,52,26.3
2018/8/20 11:00,1.8,1.01,56,26.3
2018/8/20 12:00,2.1,1.51,54,27.7
2018/8/20 13:00,1.5,1.68,52,29.6
2018/8/20 14:00,1.7,2.72,50,30.7
2018/8/20 15:00,3.2,1.34,54,30
2018/8/20 16:00,3.5,0.83,55,29.4
2018/8/20 17:00,3.2,0.73,59,29.5
2018/8/20 18:00,2.8,0.35,64,29
2018/8/20 19:00,2.6,0.03,68,28.4
2018/8/20 20:00,1.4,0,89,25.2
2018/8/20 21:00,0.6,0,89,25.9
2018/8/20 22:00,1.7,0,88,26.2
2018/8/20 23:00,1.5,0,88,25.9
2018/8/21 0:00,0.5,0,88,25.6
2018/8/21 1:00,0.6,0,88,25.9
2018/8/21 2:00,1.1,0,86,26
2018/8/21 3:00,2.1,0,90,25.3
2018/8/21 4:00,0.9,0,88,25.4
2018/8/21 5:00,1.5,0,89,25
2018/8/21 6:00,2.3,0.04,88,25.4
2018/8/21 7:00,2.4,0.39,86,26.8
2018/8/21 8:00,4.4,1.37,73,28.9
2018/8/21 9:00,5.3,1.44,66,29.5
2018/8/21 10:00,6.2,1.95,60,31.1
2018/8/21 11:00,4.4,2.71,54,32.9
2018/8/21 12:00,7,2.96,51,32.9
2018/8/21 13:00,5.6,3.23,50,33.3
2018/8/21 14:00,7.9,2.66,45,33.3
2018/8/21 15:00,6.6,2.03,51,31.7
2018/8/21 16:00,6.2,0.45,57,31
2018/8/21 17:00,5.4,0.44,60,30.6
2018/8/21 18:00,4.8,0.46,62,29.9
2018/8/21 19:00,5.3,0.03,66,29.1
2018/8/21 20:00,4.4,0,70,28.5
2018/8/21 21:00,4.3,0,73,28.2
2018/8/21 22:00,4.2,0,74,28
2018/8/21 23:00,3.3,0,75,27.9
2018/8/22 0:00,5.2,0,74,27.9
2018/8/22 1:00,4.2,0,78,27.6
2018/8/22 2:00,2.7,0,80,27.3
2018/8/22 3:00,2.8,0,82,27
2018/8/22 4:00,2.8,0,84,26.5
2018/8/22 5:00,2.2,0,82,26.5
2018/8/22 6:00,2,0.05,82,26.7
2018/8/22 7:00,2.2,0.54,75,28
2018/8/22 8:00,2.8,1.13,68,28.9
2018/8/22 9:00,4.1,1.82,62,30.3
2018/8/22 10:00,2.8,1.99,60,30.8
2018/8/22 11:00,5.1,2.65,51,33.2
2018/8/22 12:00,5.4,3.14,46,33.3
2018/8/22 13:00,3.8,2.31,39,34.8
2018/8/22 14:00,4.2,3.02,40,35
2018/8/22 15:00,4.2,2.62,38,35.1
2018/8/22 16:00,6.1,1.96,39,34.3
2018/8/22 17:00,5.8,1.24,38,33.7
2018/8/22 18:00,4.3,0.58,40,32.8
2018/8/22 19:00,2.5,0.05,50,31.5
2018/8/22 20:00,3.2,0,56,30.5
2018/8/22 21:00,2.8,0,65,29.3
2018/8/22 22:00,3.2,0,70,28.6
2018/8/22 23:00,2.5,0,57,28.7
2018/8/23 0:00,2.2,0,57,28.3
2018/8/23 1:00,2.3,0,55,28.1
2018/8/23 2:00,2.7,0,59,27.9
2018/8/23 3:00,3,0,58,27.8
2018/8/23 4:00,2.3,0,57,27.9
2018/8/23 5:00,1.9,0,60,27.5
2018/8/23 6:00,2,0.08,58,28.2
2018/8/23 7:00,4.3,0.64,55,30.2
2018/8/23 8:00,5.6,1.33,51,31.4
2018/8/23 9:00,7.4,2.18,50,32.5
2018/8/23 10:00,7.5,2.39,52,32.3
2018/8/23 11:00,7.3,1.77,66,30.2
2018/8/23 12:00,5.5,2.41,60,31.1
2018/8/23 13:00,7.2,1.88,61,30.7
2018/8/23 14:00,7.6,2.19,57,31.8
2018/8/23 15:00,7,1.14,73,28.9
2018/8/23 16:00,9.1,1.4,72,28.9
2018/8/23 17:00,6.4,0.73,84,27.5
2018/8/23 18:00,5.4,0.21,88,26.6
2018/8/23 19:00,7.6,0.01,87,26.6
2018/8/23 20:00,8,0,78,27.6
2018/8/23 21:00,9.9,0,73,28.2
2018/8/23 22:00,10.2,0,81,27
2018/8/23 23:00,10.1,0,88,26.2
2018/8/24 0:00,8.9,0,89,26.2
2018/8/24 1:00,11.3,0,89,26.3
2018/8/24 2:00,11,0,88,26.2
2018/8/24 3:00,10.1,0,88,26.3
2018/8/24 4:00,9.2,0,86,26.6
2018/8/24 5:00,7.6,0,84,27
2018/8/24 6:00,7,0.02,84,27.1
2018/8/24 7:00,7.5,0.16,85,27
2018/8/24 8:00,7.2,0.51,81,27.9
2018/8/24 9:00,7.3,0.69,80,28.2
2018/8/24 10:00,6.1,0.61,77,28.6
2018/8/24 11:00,6.8,1.3,71,29.9
2018/8/24 12:00,9,1.35,70,29.6
2018/8/24 13:00,8.5,1.57,70,29.7
2018/8/24 14:00,7,1.78,68,30
2018/8/24 15:00,7.2,0.71,71,29.4
2018/8/24 16:00,6.7,0.58,72,29.1
2018/8/24 17:00,6.6,0.32,75,28.8
2018/8/24 18:00,6.5,0.06,76,28.4
2018/8/24 19:00,5.4,0.03,78,28
2018/8/24 20:00,5.5,0,79,27.8
2018/8/24 21:00,5.6,0,80,27.6
2018/8/24 22:00,5.4,0,81,27.5
2018/8/24 23:00,4.3,0,82,27.4
2018/8/25 0:00,4.9,0,82,27.4
2018/8/25 1:00,4.3,0,82,27.3
2018/8/25 2:00,3.8,0,84,27.1
2018/8/25 3:00,4,0,85,26.9
2018/8/25 4:00,3.7,0,85,26.8
2018/8/25 5:00,2.7,0,86,26.8
2018/8/25 6:00,2.4,0.06,84,27
2018/8/25 7:00,4.1,0.33,81,27.6
2018/8/25 8:00,2.8,1.48,70,30
2018/8/25 9:00,3.6,1.89,67,30.7
2018/8/25 10:00,3.8,2.47,58,31.7
2018/8/25 11:00,3.8,1.15,59,31.7
2018/8/25 12:00,1.7,1.19,59,32.4
2018/8/25 13:00,2.5,2.54,54,32.8
2018/8/25 14:00,3.3,1.67,55,32.8
2018/8/25 15:00,3.4,0.81,57,32.6
2018/8/25 16:00,3.7,1.03,55,33
2018/8/25 17:00,4,0.86,56,32.6
2018/8/25 18:00,3.8,0.49,60,31.7
2018/8/25 19:00,2.8,0.02,64,30.7
2018/8/25 20:00,1.2,0,71,29.4
2018/8/25 21:00,2.2,0,73,29.1
2018/8/25 22:00,1.6,0,74,28.8
2018/8/25 23:00,1.3,0,77,28.2
2018/8/26 0:00,1.5,0,79,27.8
2018/8/26 1:00,0.7,0,80,27.7
2018/8/26 2:00,1.8,0,80,27.4
2018/8/26 3:00,1.4,0,79,27.3
2018/8/26 4:00,0.7,0,82,26.6
2018/8/26 5:00,0.9,0,85,26.1
2018/8/26 6:00,1.1,0.07,83,26.6
2018/8/26 7:00,2.3,0.59,70,28.3
2018/8/26 8:00,2.9,1.33,63,29.5
2018/8/26 9:00,2.3,2.04,57,30.6
2018/8/26 10:00,2.7,2.63,54,31.7
2018/8/26 11:00,3.3,3.05,47,32.9
2018/8/26 12:00,3,3.02,40,34.3
2018/8/26 13:00,4.8,3.25,39,35.6
2018/8/26 14:00,3.2,2.98,39,35.4
2018/8/26 15:00,3.7,2.56,38,35.8
2018/8/26 16:00,3.6,1.93,39,35.3
2018/8/26 17:00,3.8,1.21,39,34.7
2018/8/26 18:00,3.9,0.48,41,33.7
2018/8/26 19:00,3.8,0.02,44,33
2018/8/26 20:00,4.2,0,47,32
2018/8/26 21:00,2.4,0,52,31.3
2018/8/26 22:00,3.3,0,51,31.1
2018/8/26 23:00,2.3,0,55,30
2018/8/27 0:00,2.3,0,56,29.7
2018/8/27 1:00,3,0,60,28.8
2018/8/27 2:00,2.2,0,63,28
2018/8/27 3:00,1.5,0,65,27.6
2018/8/27 4:00,1.3,0,69,27.1
2018/8/27 5:00,1.5,0,71,26.7
2018/8/27 6:00,1.7,0.07,72,26.5
2018/8/27 7:00,2,0.57,66,27.5
2018/8/27 8:00,1.4,1.31,59,28.9
2018/8/27 9:00,2.6,2.01,52,30.7
2018/8/27 10:00,2.5,2.6,46,32.9
2018/8/27 11:00,3.2,3.03,42,34
2018/8/27 12:00,3.5,3.2,40,35.2
2018/8/27 13:00,4.7,3.08,39,35.6
2018/8/27 14:00,2.5,3.03,37,36.1
2018/8/27 15:00,3.9,2.55,36,35.8
2018/8/27 16:00,3.3,1.92,36,35.1
2018/8/27 17:00,3.9,1.19,36,34.8
2018/8/27 18:00,4.9,0.39,41,33
2018/8/27 19:00,4.9,0.01,44,32.2
2018/8/27 20:00,3.9,0,49,31.2
2018/8/27 21:00,3.8,0,50,31.1
2018/8/27 22:00,4.7,0,51,30.4
2018/8/27 23:00,2.5,0,56,29.3
2018/8/28 0:00,3,0,57,28.9
2018/8/28 1:00,4,0,58,28.7
2018/8/28 2:00,2.7,0,59,28.5
2018/8/28 3:00,1.4,0,62,27.9
2018/8/28 4:00,2.1,0,63,27.7
2018/8/28 5:00,2.5,0,64,27.5
2018/8/28 6:00,1.4,0.05,63,27.6
2018/8/28 7:00,1.3,0.3,62,27.9
2018/8/28 8:00,1.5,0.79,58,29
2018/8/28 9:00,2.1,1.34,57,29.6
2018/8/28 10:00,2.7,2.2,50,32.2
2018/8/28 11:00,2.5,1.63,51,31.5
2018/8/28 12:00,3.4,2.13,45,32.4
2018/8/28 13:00,3.4,2.12,48,32.5
2018/8/28 14:00,3.8,0.48,69,29
2018/8/28 15:00,4.1,0.91,60,30.3
2018/8/28 16:00,2.3,0.86,57,30.9
2018/8/28 17:00,2.8,0.46,52,31
2018/8/28 18:00,2.3,0.16,53,30.6
2018/8/28 19:00,2.6,0.02,54,30.2
2018/8/28 20:00,2.5,0,61,29.3
2018/8/28 21:00,3.4,0,61,28.7
2018/8/28 22:00,2.7,0,62,28.2
2018/8/28 23:00,2.5,0,61,28.4
2018/8/29 0:00,2,0,60,28.5
2018/8/29 1:00,3.6,0,67,27.6
2018/8/29 2:00,2.7,0,69,27
2018/8/29 3:00,2.2,0,72,26.9
2018/8/29 4:00,1,0,74,26.6
2018/8/29 5:00,0.8,0,75,26.6
2018/8/29 6:00,1.4,0.04,76,26.5
2018/8/29 7:00,2.8,0.56,69,27.4
2018/8/29 8:00,1.6,1.13,66,28
2018/8/29 9:00,1.8,1.91,55,30.4
2018/8/29 10:00,2.2,2.16,53,31.2
2018/8/29 11:00,2.7,2.71,48,31.6
2018/8/29 12:00,3.1,2.21,44,33.2
2018/8/29 13:00,2.8,2.82,42,33.7
2018/8/29 14:00,3.1,2.91,40,34.7
2018/8/29 15:00,4.1,2.43,38,34.1
2018/8/29 16:00,3.2,1.82,39,34.8
2018/8/29 17:00,2.3,1.11,40,33.8
2018/8/29 18:00,4.5,0.21,49,32.4
2018/8/29 19:00,5.6,0.02,61,30.6
2018/8/29 20:00,2.9,0,60,30.5
2018/8/29 21:00,2.8,0,62,29.8
2018/8/29 22:00,2.8,0,65,28.8
2018/8/29 23:00,3.8,0,68,28.4
2018/8/30 0:00,2.4,0,72,27.7
2018/8/30 1:00,2.2,0,71,27.5
2018/8/30 2:00,1.3,0,73,27.1
2018/8/30 3:00,1.1,0,73,27.1
2018/8/30 4:00,1.1,0,76,26.6
2018/8/30 5:00,0.9,0,75,26.6
2018/8/30 6:00,1.5,0.04,75,26.7
2018/8/30 7:00,2.1,0.43,72,27.4
2018/8/30 8:00,2,0.67,71,28
2018/8/30 9:00,2.5,1.24,63,28.7
2018/8/30 10:00,2.8,2.19,53,30.8
2018/8/30 11:00,2,3.03,48,31.7
2018/8/30 12:00,1.5,2.43,44,32.8
2018/8/30 13:00,1.6,1.98,43,34.1
2018/8/30 14:00,1.8,2.91,36,34.9
2018/8/30 15:00,2.1,2.15,33,34.6
2018/8/30 16:00,2.8,1.55,38,33.9
2018/8/30 17:00,5.4,0.74,55,31.7
2018/8/30 18:00,3.3,0.23,56,30.9
2018/8/30 19:00,4.3,0.01,63,29.8
2018/8/30 20:00,2.9,0,67,29.1
2018/8/30 21:00,3.2,0,68,28.7
2018/8/30 22:00,2.4,0,69,28.5
2018/8/30 23:00,1.6,0,70,28.4
2018/8/31 0:00,2.1,0,71,27.9
2018/8/31 1:00,1.6,0,71,28
2018/8/31 2:00,2,0,71,28
2018/8/31 3:00,2.9,0,70,27.7
2018/8/31 4:00,1.6,0,72,27.2
2018/8/31 5:00,2.1,0,73,27
2018/8/31 6:00,1.6,0.02,73,27.1
2018/8/31 7:00,1.9,0.38,69,28.3
2018/8/31 8:00,2.2,1.32,57,30.9
2018/8/31 9:00,0.7,0.96,60,30.1
2018/8/31 10:00,3.2,1.27,53,31.9
2018/8/31 11:00,3.3,1.6,53,31.4
2018/8/31 12:00,3.6,0.68,55,31.8
2018/8/31 13:00,5.4,3.35,46,34.6
2018/8/31 14:00,6,2.54,45,34.1
2018/8/31 15:00,6.6,1.1,48,33.1
2018/8/31 16:00,6.5,0.3,57,28.6
2018/8/31 17:00,1.8,0.17,78,26.4
2018/8/31 18:00,3.6,0.05,83,25.9
2018/8/31 19:00,0.5,0,86,25.6
2018/8/31 20:00,0.7,0,86,25.7
2018/8/31 21:00,1.2,0,87,25.4
2018/8/31 22:00,1.2,0,85,25.7
2018/8/31 23:00,0.7,0,85,25.8
2018/9/1 0:00,1.2,0,86,25.8
2018/9/1 1:00,2.5,0,88,25.4
2018/9/1 2:00,1.9,0,87,25.6
2018/9/1 3:00,2.3,0,81,25.5
2018/9/1 4:00,2.7,0,78,24.4
2018/9/1 5:00,2.7,0,82,24.2
2018/9/1 6:00,2.2,0.01,83,24.2
2018/9/1 7:00,2.5,0.05,87,23.7
2018/9/1 8:00,2.6,0.22,88,23.8
2018/9/1 9:00,1.8,0.1,89,23.6
2018/9/1 10:00,2.4,0.23,89,23.8
2018/9/1 11:00,2.1,0.32,88,23.9
2018/9/1 12:00,1.2,0.8,83,25.4
2018/9/1 13:00,2.2,1.12,76,25.5
2018/9/1 14:00,1.2,0.71,73,26.4
2018/9/1 15:00,1.5,0.55,82,25
2018/9/1 16:00,0.9,0.17,88,24.2
2018/9/1 17:00,2,0.1,85,24.6
2018/9/1 18:00,1.9,0.22,87,24.2
2018/9/1 19:00,1.7,0,85,24.5
2018/9/1 20:00,1.7,0,88,24
2018/9/1 21:00,1.9,0,85,24.3
2018/9/1 22:00,2.3,0,86,24
2018/9/1 23:00,2,0,86,23.7
2018/9/2 0:00,2.6,0,85,23.8
2018/9/2 1:00,1.6,0,84,23.4
2018/9/2 2:00,3.6,0,86,22.9
2018/9/2 3:00,1.9,0,86,22.7
2018/9/2 4:00,2.1,0,86,22.8
2018/9/2 5:00,3,0,84,22.7
2018/9/2 6:00,2.1,0.02,84,22.6
2018/9/2 7:00,2,0.42,83,23.3
2018/9/2 8:00,1.5,0.92,74,24.1
2018/9/2 9:00,0.7,1.65,66,26.1
2018/9/2 10:00,1.7,2.46,62,28.3
2018/9/2 11:00,2.2,2.81,50,29.5
2018/9/2 12:00,1.8,2.61,50,29.6
2018/9/2 13:00,2.8,2.3,49,30.1
2018/9/2 14:00,4.5,0.99,57,28.7
2018/9/2 15:00,4.4,0.97,62,28.5
2018/9/2 16:00,4.5,0.38,68,26.8
2018/9/2 17:00,4,0.29,71,26.4
2018/9/2 18:00,3.6,0.1,73,26.2
2018/9/2 19:00,3.6,0.01,74,25.7
2018/9/2 20:00,3,0,76,25.3
2018/9/2 21:00,1.8,0,78,25.1
2018/9/2 22:00,1.7,0,78,24.8
2018/9/2 23:00,1.5,0,77,24.5
2018/9/3 0:00,1.6,0,75,24.6
2018/9/3 1:00,1.8,0,73,24.8
2018/9/3 2:00,0.9,0,75,24.5
2018/9/3 3:00,1.6,0,83,23.6
2018/9/3 4:00,2.8,0,86,23.3
2018/9/3 5:00,0.1,0,88,23
2018/9/3 6:00,1,0.01,90,22.9
2018/9/3 7:00,1.3,0.08,88,22.9
2018/9/3 8:00,1.7,0.93,77,24.4
2018/9/3 9:00,1.1,2.02,69,26.5
2018/9/3 10:00,1.6,2.15,61,27.6
2018/9/3 11:00,4.3,2.95,55,29.7
2018/9/3 12:00,3.2,2.35,51,30.6
2018/9/3 13:00,3.6,3.01,49,31.4
2018/9/3 14:00,4.3,1.63,53,30.1
2018/9/3 15:00,4.3,2.46,48,30.8
2018/9/3 16:00,3.9,1.7,54,30.1
2018/9/3 17:00,4.9,1,54,29.1
2018/9/3 18:00,4.9,0.38,60,28.1
2018/9/3 19:00,4.2,0.01,67,27
2018/9/3 20:00,2.6,0,70,26.6
2018/9/3 21:00,3.3,0,72,26
2018/9/3 22:00,2.4,0,71,25.7
2018/9/3 23:00,3,0,69,25.8
2018/9/4 0:00,3,0,67,25.8
2018/9/4 1:00,2.6,0,85,23.5
2018/9/4 2:00,2.4,0,84,23.9
2018/9/4 3:00,2.8,0,83,24.2
2018/9/4 4:00,3.8,0,83,24.8
2018/9/4 5:00,4.2,0,85,25.2
2018/9/4 6:00,5.2,0.03,83,25.7
2018/9/4 7:00,5.4,0.28,81,26.2
2018/9/4 8:00,4.4,0.43,85,26.2
2018/9/4 9:00,7.1,0.6,81,27.4
2018/9/4 10:00,6.4,1.41,80,27
2018/9/4 11:00,8.9,0.57,79,26.9
2018/9/4 12:00,10.1,0.47,69,28.3
2018/9/4 13:00,11.2,0.4,71,27.8
2018/9/4 14:00,13.3,0.1,86,25.6
2018/9/4 15:00,17.5,0.06,88,25.7
2018/9/4 16:00,19,0.02,86,26.1
2018/9/4 17:00,12,0.02,84,26.3
2018/9/4 18:00,5.6,0.01,85,26.2
2018/9/4 19:00,4.4,0,79,26.9
2018/9/4 20:00,4,0,80,26.9
2018/9/4 21:00,4.5,0,85,26.1
2018/9/4 22:00,5.4,0,91,25
2018/9/4 23:00,3.7,0,91,24.1
2018/9/5 0:00,6.4,0,92,23.5
2018/9/5 1:00,4.3,0,92,23
2018/9/5 2:00,3.5,0,91,22.7
2018/9/5 3:00,4,0,90,23.5
2018/9/5 4:00,2.3,0,91,24.2
2018/9/5 5:00,2.1,0,92,24.1
2018/9/5 6:00,1.7,0.03,92,24.1
2018/9/5 7:00,0.7,0.33,90,25.1
2018/9/5 8:00,1.5,0.95,82,26.8
2018/9/5 9:00,2.6,1.26,77,27.4
2018/9/5 10:00,3.3,2.33,61,29.5
2018/9/5 11:00,2.4,2.88,53,30.9
2018/9/5 12:00,4.2,3.17,45,32
2018/9/5 13:00,4.2,2.77,44,32.7
2018/9/5 14:00,4.1,2.64,37,32
2018/9/5 15:00,3.7,2.46,39,31.9
2018/9/5 16:00,3.3,1.71,40,31.9
2018/9/5 17:00,5.3,0.75,57,30
2018/9/5 18:00,4.6,0.14,59,29
2018/9/5 19:00,2.6,0.01,67,27.8
2018/9/5 20:00,2.2,0,67,27.2
2018/9/5 21:00,1.9,0,70,26.5
2018/9/5 22:00,1.9,0,71,26.2
2018/9/5 23:00,2.1,0,72,25.9
2018/9/6 0:00,2.4,0,75,25.4
2018/9/6 1:00,2.6,0,78,24.9
2018/9/6 2:00,2.2,0,79,24.5
2018/9/6 3:00,1.7,0,80,23.9
2018/9/6 4:00,1.3,0,83,23.4
2018/9/6 5:00,1.7,0,83,23.3
2018/9/6 6:00,1,0.01,83,23.2
2018/9/6 7:00,0.7,0.46,74,24.8
2018/9/6 8:00,0.4,0.75,68,25.8
2018/9/6 9:00,1.6,1.69,61,27.3
2018/9/6 10:00,1.1,2.08,56,28.9
2018/9/6 11:00,1.5,1.61,50,28.7
2018/9/6 12:00,1.7,1.68,50,29.7
2018/9/6 13:00,3.5,1.29,47,28.7
2018/9/6 14:00,2.3,0.97,46,29.6
2018/9/6 15:00,2.1,1.57,46,29.6
2018/9/6 16:00,2.4,0.87,48,29
2018/9/6 17:00,2.7,0.33,50,28.7
2018/9/6 18:00,3.2,0.16,55,27.9
2018/9/6 19:00,2.7,0,69,27.2
2018/9/6 20:00,3.1,0,75,26.6
2018/9/6 21:00,3.5,0,74,26.1
2018/9/6 22:00,3.3,0,73,26
2018/9/6 23:00,4.1,0,77,25.6
2018/9/7 0:00,4.4,0,80,24.9
2018/9/7 1:00,2.1,0,89,23.7
2018/9/7 2:00,1.6,0,90,23.1
2018/9/7 3:00,2.2,0,89,23.5
2018/9/7 4:00,1.3,0,90,23.1
2018/9/7 5:00,0.5,0,91,23.4
2018/9/7 6:00,2.1,0.01,91,23.3
2018/9/7 7:00,3.3,0.17,91,24
2018/9/7 8:00,2.5,0.4,90,25.3
2018/9/7 9:00,2.8,0.74,84,26.8
2018/9/7 10:00,5.7,0.83,74,27.7
2018/9/7 11:00,5.7,1.16,70,28.2
2018/9/7 12:00,5.2,1.28,67,29.1
2018/9/7 13:00,5.6,1.58,65,29.4
2018/9/7 14:00,6.2,1.93,63,30.7
2018/9/7 15:00,5.6,2.09,62,30.3
2018/9/7 16:00,6.6,1.39,64,29.1
2018/9/7 17:00,4.8,0.62,69,28.5
2018/9/7 18:00,6.1,0.17,72,27.6
2018/9/7 19:00,5.6,0,75,27.2
2018/9/7 20:00,5,0,76,27
2018/9/7 21:00,5.9,0,80,26.7
2018/9/7 22:00,5.7,0,79,26.8
2018/9/7 23:00,6.3,0,79,26.7
2018/9/8 0:00,5.8,0,80,26.6
2018/9/8 1:00,3.3,0,88,25.3
2018/9/8 2:00,4,0,88,25.6
2018/9/8 3:00,3.5,0,87,25.8
2018/9/8 4:00,3.8,0,87,25.9
2018/9/8 5:00,4.6,0,86,26
2018/9/8 6:00,3.6,0.01,88,25.7
2018/9/8 7:00,3.3,0.11,90,25.5
2018/9/8 8:00,3,0.31,84,24.9
2018/9/8 9:00,3.6,0.96,65,26.5
2018/9/8 10:00,3.9,2.06,60,27.1
2018/9/8 11:00,4.4,1.1,64,26.4
2018/9/8 12:00,2.7,1.46,63,26.9
2018/9/8 13:00,2.7,1.81,59,28.2
2018/9/8 14:00,1.2,1.91,54,28.7
2018/9/8 15:00,2,1.04,53,28.5
2018/9/8 16:00,3.5,0.72,61,28
2018/9/8 17:00,3,0.44,63,27.2
2018/9/8 18:00,2.3,0.11,63,26.7
2018/9/8 19:00,0.8,0,66,26
2018/9/8 20:00,1.3,0,62,26.4
2018/9/8 21:00,2.3,0,73,25.9
2018/9/8 22:00,2,0,87,23.9
2018/9/8 23:00,2.4,0,87,24.1
2018/9/9 0:00,2.5,0,88,24.7
2018/9/9 1:00,2,0,89,24.6
2018/9/9 2:00,1.6,0,89,24.6
2018/9/9 3:00,3.3,0,89,24.5
2018/9/9 4:00,2.1,0,91,24.4
2018/9/9 5:00,2.8,0,92,24.4
2018/9/9 6:00,3.5,0.02,92,24.8
2018/9/9 7:00,2.6,0.13,89,25.3
2018/9/9 8:00,5.7,0.24,89,25.5
2018/9/9 9:00,4.6,0.37,90,25.4
2018/9/9 10:00,3.4,0.49,91,24.6
2018/9/9 11:00,4.4,1.34,77,27.2
2018/9/9 12:00,7,2.23,67,29
2018/9/9 13:00,6.9,2,61,29.2
2018/9/9 14:00,6.9,2.26,60,29.5
2018/9/9 15:00,5.5,1.44,58,28.9
2018/9/9 16:00,5.5,0.81,63,28.3
2018/9/9 17:00,6.9,0.39,67,27.5
2018/9/9 18:00,5.4,0.13,70,27
2018/9/9 19:00,4.4,0,74,26.5
2018/9/9 20:00,4.3,0,75,26.3
2018/9/9 21:00,4.2,0,82,25.8
2018/9/9 22:00,4.4,0,81,25.6
2018/9/9 23:00,3,0,90,24.7
2018/9/10 0:00,5.8,0,86,24.2
2018/9/10 1:00,3.7,0,89,24.6
2018/9/10 2:00,3.2,0,87,24.5
2018/9/10 3:00,3.5,0,85,24.3
2018/9/10 4:00,3.6,0,89,24.4
2018/9/10 5:00,2.1,0,92,24.3
2018/9/10 6:00,3.1,0.02,92,24.5
2018/9/10 7:00,2.5,0.12,92,24.9
2018/9/10 8:00,2.5,0.45,87,25.5
2018/9/10 9:00,2.5,0.41,85,25.7
2018/9/10 10:00,2.4,0.33,86,24.7
2018/9/10 11:00,3.4,0.29,90,24.3
2018/9/10 12:00,1.8,0.26,92,24.1
2018/9/10 13:00,3.2,0.21,90,24
2018/9/10 14:00,3.4,0.19,89,23.6
2018/9/10 15:00,2.3,0.45,84,23.5
2018/9/10 16:00,2.5,0.58,83,23.3
2018/9/10 17:00,0.8,0.74,81,23.7
2018/9/10 18:00,2.7,0.14,79,24.1
2018/9/10 19:00,2.8,0,82,22.6
2018/9/10 20:00,2.8,0,81,22.3
2018/9/10 21:00,3.4,0,79,21.8
2018/9/10 22:00,3.9,0,77,21.3
2018/9/10 23:00,4.1,0,77,21
2018/9/11 0:00,2.5,0,76,20.7
2018/9/11 1:00,2.9,0,76,20.5
2018/9/11 2:00,3.1,0,77,20.2
2018/9/11 3:00,2.8,0,78,19.8
2018/9/11 4:00,2.9,0,79,19.7
2018/9/11 5:00,2,0,78,19.9
2018/9/11 6:00,2.3,0.02,78,19.9
2018/9/11 7:00,2.9,0.32,74,20.9
2018/9/11 8:00,2.4,0.29,72,21.3
2018/9/11 9:00,3.1,0.92,66,22.5
2018/9/11 10:00,2,1.44,60,24.3
2018/9/11 11:00,1.9,1.58,56,25.2
2018/9/11 12:00,1.7,1.78,52,26.3
2018/9/11 13:00,1.8,1.66,57,26.9
2018/9/11 14:00,1.9,1.49,54,27.3
2018/9/11 15:00,4.6,0.64,59,26
2018/9/11 16:00,5.1,0.2,90,21.7
2018/9/11 17:00,1.3,0.07,92,21.3
2018/9/11 18:00,1.8,0.03,91,21.3
2018/9/11 19:00,1.8,0,89,21.5
2018/9/11 20:00,1.1,0,85,22
2018/9/11 21:00,1.4,0,88,22.1
2018/9/11 22:00,1.5,0,89,22
2018/9/11 23:00,1.7,0,89,21.9
2018/9/12 0:00,1.5,0,87,21.9
2018/9/12 1:00,1.1,0,89,21.7
2018/9/12 2:00,1.3,0,88,21.9
2018/9/12 3:00,1,0,89,21.8
2018/9/12 4:00,0.8,0,90,21.8
2018/9/12 5:00,0.7,0,89,21.9
2018/9/12 6:00,2.1,0,81,21
2018/9/12 7:00,1.4,0.05,81,20.8
2018/9/12 8:00,1.2,0.16,78,21.3
2018/9/12 9:00,2.2,0.25,76,21.7
2018/9/12 10:00,0.3,0.51,75,22
2018/9/12 11:00,0.7,0.43,82,22.1
2018/9/12 12:00,1.8,0.77,78,22.2
2018/9/12 13:00,1.4,0.29,82,21.8
2018/9/12 14:00,0.9,0.17,84,21.3
2018/9/12 15:00,1.7,0.37,82,21.7
2018/9/12 16:00,1.7,0.46,81,21.9
2018/9/12 17:00,1.6,0.21,83,21.6
2018/9/12 18:00,1.6,0.03,84,21.3
2018/9/12 19:00,0.7,0,86,21
2018/9/12 20:00,2.2,0,77,20.8
2018/9/12 21:00,1.8,0,76,20.3
2018/9/12 22:00,2,0,78,19.8
2018/9/12 23:00,1.7,0,74,20.1
2018/9/13 0:00,1.5,0,77,20.2
2018/9/13 1:00,2,0,81,20.4
2018/9/13 2:00,2.2,0,83,20.3
2018/9/13 3:00,1.5,0,83,19.6
2018/9/13 4:00,2.8,0,78,20.1
2018/9/13 5:00,2.5,0,78,19.9
2018/9/13 6:00,2.6,0.02,79,20
2018/9/13 7:00,3.3,0.42,78,20.6
2018/9/13 8:00,1.8,0.72,76,21.8
2018/9/13 9:00,2,1.21,69,23.1
2018/9/13 10:00,1.4,1.94,63,24.5
2018/9/13 11:00,1.5,1.7,56,25.8
2018/9/13 12:00,0.4,1.3,60,25.8
2018/9/13 13:00,2.3,1.62,55,26.4
2018/9/13 14:00,2.3,1.26,55,26.5
2018/9/13 15:00,1.9,0.76,57,26.1
2018/9/13 16:00,1.5,0.42,60,25.8
2018/9/13 17:00,3.1,0.19,60,25.2
2018/9/13 18:00,2.1,0.04,61,24.6
2018/9/13 19:00,1.4,0,62,24.2
2018/9/13 20:00,0.9,0,66,24.4
2018/9/13 21:00,0.6,0,67,24
2018/9/13 22:00,0.8,0,67,23.9
2018/9/13 23:00,0.8,0,71,23.3
2018/9/14 0:00,1.7,0,72,23.7
2018/9/14 1:00,1.8,0,74,23.4
2018/9/14 2:00,1.8,0,79,22.8
2018/9/14 3:00,2,0,85,22.3
2018/9/14 4:00,2.1,0,88,22
2018/9/14 5:00,2.6,0,89,21.8
2018/9/14 6:00,1.8,0,89,21.4
2018/9/14 7:00,1.6,0.09,85,21.7
2018/9/14 8:00,2,0.23,88,21.9
2018/9/14 9:00,0.8,0.67,84,23.3
2018/9/14 10:00,1.9,0.67,82,22.8
2018/9/14 11:00,2,0.83,85,22.8
2018/9/14 12:00,1.4,0.98,86,23.3
2018/9/14 13:00,1.6,0.73,79,23.2
2018/9/14 14:00,1.2,0.45,86,22.7
2018/9/14 15:00,1.8,0.46,84,23
2018/9/14 16:00,1.9,0.39,85,23
2018/9/14 17:00,1.3,0.11,86,22.6
2018/9/14 18:00,1,0.02,91,22
2018/9/14 19:00,0.8,0,92,22.1
2018/9/14 20:00,1.1,0,92,22.2
2018/9/14 21:00,2.3,0,92,21.6
2018/9/14 22:00,1.2,0,93,21.4
2018/9/14 23:00,0.9,0,92,21.4
2018/9/15 0:00,0.9,0,93,21.3
2018/9/15 1:00,1.7,0,92,21.5
2018/9/15 2:00,1.7,0,92,21.5
2018/9/15 3:00,1.3,0,92,21.5
2018/9/15 4:00,0.8,0,93,21.5
2018/9/15 5:00,0.3,0,93,21.5
2018/9/15 6:00,0.5,0,92,21.5
2018/9/15 7:00,1.2,0.05,93,21.6
2018/9/15 8:00,1.3,0.18,92,21.9
2018/9/15 9:00,1.7,0.23,91,22.1
2018/9/15 10:00,1.5,0.22,92,22.2
2018/9/15 11:00,1.5,0.18,91,22.6
2018/9/15 12:00,0.7,0.19,92,22.8
2018/9/15 13:00,1.5,0.34,92,23
2018/9/15 14:00,1.8,0.37,91,23.1
2018/9/15 15:00,1,0.13,92,23.1
2018/9/15 16:00,1,0.2,92,23.2
2018/9/15 17:00,1.5,0.22,92,23.2
2018/9/15 18:00,1.7,0.05,91,23.1
2018/9/15 19:00,1.4,0,91,23.1
2018/9/15 20:00,2.6,0,92,23.1
2018/9/15 21:00,2.2,0,92,23.1
2018/9/15 22:00,2,0,92,23.1
2018/9/15 23:00,0.9,0,92,23.2
2018/9/16 0:00,1.2,0,93,22.8
2018/9/16 1:00,2.7,0,93,22.9
2018/9/16 2:00,1.2,0,93,22.7
2018/9/16 3:00,0.3,0,93,22.7
2018/9/16 4:00,1.2,0,93,22.7
2018/9/16 5:00,0,0,93,22.7
2018/9/16 6:00,0.7,0.01,93,22.6
2018/9/16 7:00,0.6,0.15,93,23
2018/9/16 8:00,0.9,0.52,92,23.8
2018/9/16 9:00,1.4,1.21,82,24.6
2018/9/16 10:00,2.3,1.78,74,26.9
2018/9/16 11:00,2.2,1.82,67,26.8
2018/9/16 12:00,1.9,2.79,59,28.4
2018/9/16 13:00,1.7,2.2,55,28.6
2018/9/16 14:00,3,1.61,54,29.8
2018/9/16 15:00,3.7,1.7,49,30.6
2018/9/16 16:00,3.5,1.24,55,29.2
2018/9/16 17:00,4.3,0.66,57,28.9
2018/9/16 18:00,3.7,0.1,61,27.5
2018/9/16 19:00,3.5,0,62,27.1
2018/9/16 20:00,2.6,0,65,26.4
2018/9/16 21:00,3.3,0,65,26.3
2018/9/16 22:00,2,0,66,26
2018/9/16 23:00,3.2,0,67,25.9
2018/9/17 0:00,3,0,68,25.6
2018/9/17 1:00,1.9,0,70,25.3
2018/9/17 2:00,1.5,0,70,25.3
2018/9/17 3:00,2.7,0,71,24.9
2018/9/17 4:00,2.2,0,72,24.6
2018/9/17 5:00,5.7,0,71,24.8
2018/9/17 6:00,2.8,0.01,75,24.3
2018/9/17 7:00,2.5,0.18,75,24.5
2018/9/17 8:00,2.6,0.53,72,25.1
2018/9/17 9:00,4.2,1.7,59,27.3
2018/9/17 10:00,4.6,2.5,49,28.9
2018/9/17 11:00,5.8,2.82,42,30
2018/9/17 12:00,5.1,3.07,41,30.6
2018/9/17 13:00,4.1,2.67,41,30.8
2018/9/17 14:00,4.5,2.66,41,30.2
2018/9/17 15:00,5.1,1.46,46,28.8
2018/9/17 16:00,5.1,0.67,47,28.1
2018/9/17 17:00,5.1,0.25,52,26.9
2018/9/17 18:00,4.8,0.03,56,26
2018/9/17 19:00,4.5,0,56,25.6
2018/9/17 20:00,4.7,0,54,24.9
2018/9/17 21:00,5.2,0,58,24.4
2018/9/17 22:00,4.4,0,61,23.9
2018/9/17 23:00,3.2,0,65,23
2018/9/18 0:00,3.3,0,67,23.1
2018/9/18 1:00,2.7,0,69,22.7
2018/9/18 2:00,2.5,0,71,22.2
2018/9/18 3:00,1.4,0,70,22
2018/9/18 4:00,1.7,0,70,21.8
2018/9/18 5:00,1.1,0,77,20.5
2018/9/18 6:00,1.7,0.02,76,20.8
2018/9/18 7:00,1.1,0.44,69,21.9
2018/9/18 8:00,2.1,1.17,60,23.7
2018/9/18 9:00,2.1,1.88,54,25.1
2018/9/18 10:00,1,2.48,49,26.1
2018/9/18 11:00,2.2,2.89,38,28.3
2018/9/18 12:00,2.6,3.09,33,29.6
2018/9/18 13:00,3.3,2.87,32,30.4
2018/9/18 14:00,4.1,2.81,36,30.6
2018/9/18 15:00,4.9,1.58,39,29.6
2018/9/18 16:00,5.2,1.5,40,28.7
2018/9/18 17:00,4.8,0.82,42,27.9
2018/9/18 18:00,4.5,0.17,41,26.8
2018/9/18 19:00,4,0,49,25.7
2018/9/18 20:00,3.7,0,51,24.7
2018/9/18 21:00,3.1,0,52,24.4
2018/9/18 22:00,3.4,0,50,23.5
2018/9/18 23:00,1.9,0,54,22.6
2018/9/19 0:00,3.4,0,54,22.4
2018/9/19 1:00,3.1,0,55,21.7
2018/9/19 2:00,2.2,0,61,20.8
2018/9/19 3:00,1.2,0,69,20.3
2018/9/19 4:00,1.8,0,71,19.8
2018/9/19 5:00,1.9,0,69,19.7
2018/9/19 6:00,2.2,0.02,71,19.4
2018/9/19 7:00,3.1,0.33,68,20.2
2018/9/19 8:00,2,1.09,61,21.6
2018/9/19 9:00,2.6,1.61,54,22.9
2018/9/19 10:00,2.7,2.51,44,24.8
2018/9/19 11:00,2.5,2.71,37,26
2018/9/19 12:00,2.5,3.11,30,27.8
2018/9/19 13:00,1.1,3.06,25,28.7
2018/9/19 14:00,2.5,2.76,24,29.2
2018/9/19 15:00,2.2,2.29,19,29.3
2018/9/19 16:00,1.3,1.6,22,28.8
2018/9/19 17:00,2.7,0.81,33,27.8
2018/9/19 18:00,3,0.18,35,26.5
2018/9/19 19:00,3.3,0,39,25.6
2018/9/19 20:00,3.1,0,57,24.7
2018/9/19 21:00,3,0,68,23.6
2018/9/19 22:00,2.8,0,73,23.3
2018/9/19 23:00,1.5,0,69,23.1
2018/9/20 0:00,0.9,0,68,23
2018/9/20 1:00,1.4,0,66,23.1
2018/9/20 2:00,1.7,0,66,22.5
2018/9/20 3:00,1.5,0,62,22.3
2018/9/20 4:00,1.5,0,61,22.1
2018/9/20 5:00,1.5,0,58,22
2018/9/20 6:00,1.8,0,60,21.8
2018/9/20 7:00,0.5,0.06,60,21.8
2018/9/20 8:00,1.3,0.17,73,21.3
2018/9/20 9:00,1.4,0.19,84,21.1
2018/9/20 10:00,0.2,0.26,86,21.2
2018/9/20 11:00,1.8,0.33,89,20.4
2018/9/20 12:00,2,0.17,92,20.3
2018/9/20 13:00,2.3,0.16,91,20
2018/9/20 14:00,3.2,0.15,88,19.2
2018/9/20 15:00,3.4,0.14,88,18.8
2018/9/20 16:00,3.5,0.07,89,18.8
2018/9/20 17:00,3,0.06,88,18.8
2018/9/20 18:00,4,0.01,91,18.7
2018/9/20 19:00,3.2,0,91,18.6
2018/9/20 20:00,3,0,91,18.5
2018/9/20 21:00,2.9,0,90,18.1
2018/9/20 22:00,2,0,92,18.4
2018/9/20 23:00,2.1,0,92,18.5
2018/9/21 0:00,1.6,0,91,18.6
2018/9/21 1:00,2.3,0,92,18.5
2018/9/21 2:00,2.1,0,92,18.6
2018/9/21 3:00,2.6,0,91,18.6
2018/9/21 4:00,2.1,0,89,18.6
2018/9/21 5:00,2.1,0,90,18.8
2018/9/21 6:00,1.5,0,92,19
2018/9/21 7:00,1.6,0.05,92,19.1
2018/9/21 8:00,1.6,0.15,92,19
2018/9/21 9:00,1.8,0.26,91,19.1
2018/9/21 10:00,1.9,0.46,90,19.3
2018/9/21 11:00,0.8,0.44,89,19.8
2018/9/21 12:00,0.7,0.63,90,20.5
2018/9/21 13:00,1.4,0.38,92,20.6
2018/9/21 14:00,1,0.62,89,20.9
2018/9/21 15:00,0.7,0.36,88,20.8
2018/9/21 16:00,0.6,0.21,89,21
2018/9/21 17:00,1.5,0.13,89,21.1
2018/9/21 18:00,1.1,0.01,90,21
2018/9/21 19:00,1,0,92,20.8
2018/9/21 20:00,1.1,0,93,20.7
2018/9/21 21:00,1.8,0,93,20.7
2018/9/21 22:00,0.8,0,92,20.8
2018/9/21 23:00,1.7,0,92,20.7
2018/9/22 0:00,2.2,0,92,20.8
2018/9/22 1:00,1.6,0,92,20.9
2018/9/22 2:00,2,0,92,20.9
2018/9/22 3:00,1.6,0,92,20.9
2018/9/22 4:00,1.2,0,92,20.9
2018/9/22 5:00,0.8,0,92,20.9
2018/9/22 6:00,0.1,0,93,21
2018/9/22 7:00,1,0.05,93,21.2
2018/9/22 8:00,0.8,0.19,93,21.6
2018/9/22 9:00,1.7,0.58,91,22.2
2018/9/22 10:00,3.4,1.48,83,24
2018/9/22 11:00,3.4,1.55,76,25.1
2018/9/22 12:00,3.8,0.56,68,25.5
2018/9/22 13:00,5.5,2.67,55,28.2
2018/9/22 14:00,6,2.58,50,28.9
2018/9/22 15:00,5.6,2.08,49,28.6
2018/9/22 16:00,6.5,1.53,52,27.4
2018/9/22 17:00,5.7,0.76,54,26
2018/9/22 18:00,6.1,0.06,56,24.5
2018/9/22 19:00,5.9,0,58,23.7
2018/9/22 20:00,5,0,60,23.2
2018/9/22 21:00,3.2,0,62,22.8
2018/9/22 22:00,3.5,0,64,22.1
2018/9/22 23:00,3.8,0,62,22.1
2018/9/23 0:00,3.1,0,63,21.6
2018/9/23 1:00,2.6,0,70,20.7
2018/9/23 2:00,3,0,70,20.2
2018/9/23 3:00,1.8,0,74,19.8
2018/9/23 4:00,2,0,82,18.8
2018/9/23 5:00,1.1,0,84,18.6
2018/9/23 6:00,0.9,0.01,86,18.3
2018/9/23 7:00,1.9,0.41,79,19.5
2018/9/23 8:00,2,1.16,70,21.4
2018/9/23 9:00,2.3,1.84,61,22.9
2018/9/23 10:00,2.8,1.78,52,25.2
2018/9/23 11:00,2.4,2.78,45,26.8
2018/9/23 12:00,1.5,2.76,45,27.2
2018/9/23 13:00,2.5,2.76,45,29.3
2018/9/23 14:00,2.9,2.72,42,29.9
2018/9/23 15:00,2.2,1.81,47,28.8
2018/9/23 16:00,2.8,1.2,49,28.6
2018/9/23 17:00,3.2,0.58,53,27.9
2018/9/23 18:00,3.5,0.07,60,26.8
2018/9/23 19:00,2,0,63,26.3
2018/9/23 20:00,1.9,0,64,26.1
2018/9/23 21:00,2.4,0,66,25.7
2018/9/23 22:00,1.4,0,70,25.3
2018/9/23 23:00,2.5,0,74,24.6
2018/9/24 0:00,0.7,0,72,24.9
2018/9/24 1:00,0.7,0,71,23.7
2018/9/24 2:00,0.7,0,76,23.2
2018/9/24 3:00,1.5,0,77,23.2
2018/9/24 4:00,1.8,0,81,22.9
2018/9/24 5:00,1.6,0,79,22.9
2018/9/24 6:00,1.7,0.01,79,22.7
2018/9/24 7:00,2.1,0.36,75,23.4
2018/9/24 8:00,1.4,0.72,72,23.8
2018/9/24 9:00,2.5,1.25,66,25.1
2018/9/24 10:00,2,1.69,59,27
2018/9/24 11:00,1.1,2.59,54,28
2018/9/24 12:00,1.6,0.98,53,28
2018/9/24 13:00,4.2,1.48,53,28.6
2018/9/24 14:00,2,2.16,48,29.4
2018/9/24 15:00,3.1,1.3,54,28.6
2018/9/24 16:00,3,0.8,52,28.1
2018/9/24 17:00,2.8,0.38,49,27.3
2018/9/24 18:00,2.5,0.05,50,26.6
2018/9/24 19:00,3,0,54,25.9
2018/9/24 20:00,1.9,0,60,24.6
2018/9/24 21:00,3,0,61,24.6
2018/9/24 22:00,1.8,0,64,23.9
2018/9/24 23:00,2.5,0,62,24
2018/9/25 0:00,2.7,0,61,23.6
2018/9/25 1:00,1.6,0,64,23.1
2018/9/25 2:00,2,0,62,23.1
2018/9/25 3:00,2.1,0,61,22.7
2018/9/25 4:00,3.2,0,55,22.8
2018/9/25 5:00,1.9,0,63,21.9
2018/9/25 6:00,2.6,0,64,22.3
2018/9/25 7:00,3,0.04,63,22
2018/9/25 8:00,2.4,0.09,73,20.3
2018/9/25 9:00,2.9,0.17,82,19.4
2018/9/25 10:00,1.9,0.29,81,19.5
2018/9/25 11:00,2.7,0.32,77,19.9
2018/9/25 12:00,2.6,0.4,80,20.4
2018/9/25 13:00,3.1,0.59,82,20.7
2018/9/25 14:00,2.6,0.5,77,21.2
2018/9/25 15:00,2.5,0.29,73,21.6
2018/9/25 16:00,2.1,0.34,71,22.1
2018/9/25 17:00,2.2,0.25,72,21.7
2018/9/25 18:00,1.6,0.05,73,21.1
2018/9/25 19:00,1.3,0,73,20.6
2018/9/25 20:00,0,0,80,20.3
2018/9/25 21:00,0.6,0,84,19.9
2018/9/25 22:00,1.2,0,86,19.7
2018/9/25 23:00,1,0,85,20.2
2018/9/26 0:00,2.8,0,76,20.1
2018/9/26 1:00,3.3,0,70,19.8
2018/9/26 2:00,2.6,0,64,19.5
2018/9/26 3:00,2.9,0,60,19.5
2018/9/26 4:00,2.5,0,61,19.1
2018/9/26 5:00,2.9,0,60,19.1
2018/9/26 6:00,3.1,0,59,19.1
2018/9/26 7:00,3.3,0.12,59,18.9
2018/9/26 8:00,3.1,0.74,53,20.7
2018/9/26 9:00,3.4,1.4,52,21.9
2018/9/26 10:00,3.5,1.97,47,23.5
2018/9/26 11:00,2.6,2.08,46,24.7
2018/9/26 12:00,2.2,1.67,47,25.2
2018/9/26 13:00,2,0.68,48,25.1
2018/9/26 14:00,1,0.75,48,25.1
2018/9/26 15:00,2.4,0.35,67,22.5
2018/9/26 16:00,3.5,0.13,86,19.9
2018/9/26 17:00,4.1,0.02,91,19
2018/9/26 18:00,2.6,0,91,18.4
2018/9/26 19:00,0.9,0,92,18.8
2018/9/26 20:00,1.4,0,92,19
2018/9/26 21:00,1.2,0,91,18.7
2018/9/26 22:00,0.4,0,92,18.6
2018/9/26 23:00,4,0,92,18.7
2018/9/27 0:00,2.5,0,92,18.7
2018/9/27 1:00,1.3,0,92,18.9
2018/9/27 2:00,2.2,0,92,18.6
2018/9/27 3:00,2.9,0,92,17.9
2018/9/27 4:00,2.7,0,91,17.5
2018/9/27 5:00,2.7,0,91,17.1
2018/9/27 6:00,1.7,0,91,16.8
2018/9/27 7:00,2.6,0.04,90,17.1
2018/9/27 8:00,2.2,0.13,89,17.2
2018/9/27 9:00,1.7,0.23,90,17.4
2018/9/27 10:00,1,0.23,89,17.7
2018/9/27 11:00,2,0.72,81,18.4
2018/9/27 12:00,1.6,1.03,78,19.6
2018/9/27 13:00,1.9,1.22,67,20.6
2018/9/27 14:00,1.3,1.55,62,21.6
2018/9/27 15:00,2.3,1.37,60,22.5
2018/9/27 16:00,2.6,1.32,59,23
2018/9/27 17:00,3.2,0.7,59,22.4
2018/9/27 18:00,3.6,0.1,62,21.5
2018/9/27 19:00,3.6,0,64,20.8
2018/9/27 20:00,3.8,0,56,20.8
2018/9/27 21:00,3.1,0,59,20
2018/9/27 22:00,3.1,0,62,19.3
2018/9/27 23:00,2.8,0,66,18.6
2018/9/28 0:00,1.6,0,73,17.3
2018/9/28 1:00,2.1,0,72,17.5
2018/9/28 2:00,1.7,0,79,16.2
2018/9/28 3:00,1.9,0,75,16.6
2018/9/28 4:00,1.6,0,76,16.2
2018/9/28 5:00,2,0,80,15.6
2018/9/28 6:00,2.3,0.01,78,15.6
2018/9/28 7:00,1.6,0.39,77,16.1
2018/9/28 8:00,2.4,1.14,65,18.5
2018/9/28 9:00,2.8,1.86,56,20.6
2018/9/28 10:00,3.5,2.47,44,22.9
2018/9/28 11:00,2.3,2.86,41,25
2018/9/28 12:00,1.4,3.03,37,25.4
2018/9/28 13:00,2.4,2.96,30,26.3
2018/9/28 14:00,1.9,2.65,28,26.8
2018/9/28 15:00,1.5,2.12,27,26.7
2018/9/28 16:00,2,1.44,31,26.1
2018/9/28 17:00,4.8,0.65,45,25
2018/9/28 18:00,4.3,0.09,53,23.7
2018/9/28 19:00,4,0,56,22.5
2018/9/28 20:00,3.7,0,67,21.8
2018/9/28 21:00,3,0,71,21.2
2018/9/28 22:00,3.4,0,70,21
2018/9/28 23:00,2.8,0,72,20.8
2018/9/29 0:00,2.8,0,70,20.8
2018/9/29 1:00,2.2,0,68,21
2018/9/29 2:00,1.9,0,66,21.2
2018/9/29 3:00,1.6,0,68,20.9
2018/9/29 4:00,2.3,0,77,19.8
2018/9/29 5:00,3,0,86,19.1
2018/9/29 6:00,2,0,86,18.6
2018/9/29 7:00,1.3,0.05,89,18.6
2018/9/29 8:00,1.5,0.1,90,18.6
2018/9/29 9:00,2.7,0.2,86,18.8
2018/9/29 10:00,3.3,0.17,82,18.6
2018/9/29 11:00,2.6,0.33,82,18.8
2018/9/29 12:00,2.8,0.48,81,19
2018/9/29 13:00,3,0.32,84,18.5
2018/9/29 14:00,3.8,0.22,88,18.4
2018/9/29 15:00,3.7,0.18,90,18.1
2018/9/29 16:00,4.3,0.13,87,18.1
2018/9/29 17:00,2.3,0.05,91,18
2018/9/29 18:00,3.1,0.01,92,17.8
2018/9/29 19:00,3,0,92,17.9
2018/9/29 20:00,3.1,0,92,17.9
2018/9/29 21:00,1.8,0,93,17.7
2018/9/29 22:00,1.9,0,92,17.7
2018/9/29 23:00,2,0,91,17.7
2018/9/30 0:00,3.1,0,92,17.7
2018/9/30 1:00,2.7,0,92,17.7
2018/9/30 2:00,2.3,0,92,17.7
2018/9/30 3:00,1.6,0,92,17.7
2018/9/30 4:00,2,0,91,17.9
2018/9/30 5:00,1.4,0,92,18
2018/9/30 6:00,2.4,0,90,18
2018/9/30 7:00,2.4,0.17,89,18.4
2018/9/30 8:00,1.9,0.33,86,19.1
2018/9/30 9:00,1.8,0.78,86,19.5
2018/9/30 10:00,2.1,0.61,86,20.4
2018/9/30 11:00,1.6,0.62,83,21.3
2018/9/30 12:00,2.5,0.77,82,21.8
2018/9/30 13:00,1.8,0.25,89,22.7
2018/9/30 14:00,4.7,0.5,88,24.5
2018/9/30 15:00,6.5,0.36,87,25.1
2018/9/30 16:00,7.9,0.19,88,25.1
2018/9/30 17:00,8.5,0.08,79,26.1
2018/9/30 18:00,10.8,0,79,26.3
2018/9/30 19:00,11.8,0,88,24.5
2018/9/30 20:00,12,0,88,25
2018/9/30 21:00,13.1,0,90,24.8
2018/9/30 22:00,14.4,0,89,24.3
2018/9/30 23:00,6.9,0,90,24
2018/10/1 0:00,7.4,0,92,23.8
